-- Administrador
insert into administrador values(1, "admin", "admin");

-- Gestor
insert into gestor_espacos values(2, "gestor", "gestor");

-- Utilizador

insert into utilizador (id, username, password, email, nome, registration_date) values (3, 'user1', 'user1', 'ywestbrook2@chron.com', 'Yorgo Westbrook', '2019-04-27 10:41:34');
insert into utilizador (id, username, password, email, nome, registration_date) values (4, 'user2', 'user2', 'afaro3@ted.com', 'Alexia Faro', '2019-06-16 21:04:43');
insert into utilizador (id, username, password, email, nome, registration_date) values (5, 'user3', 'user3', 'cshallcrass4@stanford.edu', 'Collin Shallcrass', '2019-06-09 00:43:03');
insert into utilizador (id, username, password, email, nome, registration_date) values (6, 'user4', 'user4', 'mfarra5@addthis.com', 'Marne Farra', '2018-06-28 10:00:52');
insert into utilizador (id, username, password, email, nome, registration_date) values (7, 'user5', 'user5', 'skestell6@hp.com', 'Shane Kestell', '2019-03-17 23:30:00');
insert into utilizador (id, username, password, email, nome, registration_date) values (8, 'ctomasino7', 'TnXSIhn', 'ctomasino7@desdev.cn', 'Con Tomasino', '2018-12-23 20:35:53');
insert into utilizador (id, username, password, email, nome, registration_date) values (9, 'ccatchpole8', 'yPGKq8F', 'ccatchpole8@google.com.au', 'Cally Catchpole', '2019-06-05 07:40:17');
insert into utilizador (id, username, password, email, nome, registration_date) values (10, 'bsummerbell9', 'Or7qBeeo5NZj', 'bsummerbell9@comcast.net', 'Babita Summerbell', '2018-07-04 23:07:16');
insert into utilizador (id, username, password, email, nome, registration_date) values (11, 'ccathesyeda', '0FoZ24f6', 'ccathesyeda@reference.com', 'Clemmie Cathesyed', '2019-01-14 15:25:43');
insert into utilizador (id, username, password, email, nome, registration_date) values (12, 'hbernardotteb', 'odhVDxo', 'hbernardotteb@t-online.de', 'Haily Bernardotte', '2019-03-30 19:06:46');
insert into utilizador (id, username, password, email, nome, registration_date) values (13, 'gcomellic', 'TRTL4dNqI', 'gcomellic@xing.com', 'Germaine Comelli', '2019-05-19 10:40:02');
insert into utilizador (id, username, password, email, nome, registration_date) values (14, 'tbowlasd', 'dsrFnKws5hX', 'tbowlasd@howstuffworks.com', 'Twyla Bowlas', '2019-02-19 14:31:24');
insert into utilizador (id, username, password, email, nome, registration_date) values (15, 'fawtye', 'DZIfSbPIS', 'fawtye@spotify.com', 'Feliza Awty', '2019-04-10 06:00:46');
insert into utilizador (id, username, password, email, nome, registration_date) values (16, 'fsaleryf', '1QwTtAlrZDr', 'fsaleryf@usda.gov', 'Fremont Salery', '2019-03-19 08:36:03');
insert into utilizador (id, username, password, email, nome, registration_date) values (17, 'sjumelg', 'pDqa6MYbvsch', 'sjumelg@buzzfeed.com', 'Samuel Jumel', '2018-08-19 12:34:35');
insert into utilizador (id, username, password, email, nome, registration_date) values (18, 'epurvissh', 'Bz7LyDk1', 'epurvissh@accuweather.com', 'Eran Purviss', '2019-02-27 03:33:17');
insert into utilizador (id, username, password, email, nome, registration_date) values (19, 'kmirfieldi', '3onzaF', 'kmirfieldi@e-recht24.de', 'Kevon Mirfield', '2018-08-01 17:27:56');
insert into utilizador (id, username, password, email, nome, registration_date) values (20, 'bfladej', '8ZVp9u2', 'bfladej@deviantart.com', 'Bethanne Flade', '2019-04-01 15:01:00');
insert into utilizador (id, username, password, email, nome, registration_date) values (21, 'jpollastronek', 'mNqbUg', 'jpollastronek@webeden.co.uk', 'Jojo Pollastrone', '2018-10-25 02:17:50');
insert into utilizador (id, username, password, email, nome, registration_date) values (22, 'cbotterilll', 'emxIzKE8FDNM', 'cbotterilll@cbc.ca', 'Curran Botterill', '2018-11-27 13:35:46');
insert into utilizador (id, username, password, email, nome, registration_date) values (23, 'ebrozssetm', 'FOp6jyNqFf', 'ebrozssetm@economist.com', 'Everard Brozsset', '2018-07-23 22:59:20');
insert into utilizador (id, username, password, email, nome, registration_date) values (24, 'esummersonn', 'hZ4fc3XE0d', 'esummersonn@usgs.gov', 'Elbert Summerson', '2019-01-20 09:41:50');
insert into utilizador (id, username, password, email, nome, registration_date) values (25, 'tcarloo', 'WcsOwb', 'tcarloo@tumblr.com', 'Tonye Carlo', '2019-01-11 06:11:15');
insert into utilizador (id, username, password, email, nome, registration_date) values (26, 'eshierp', 'vH4SAcex', 'eshierp@shop-pro.jp', 'Eulalie Shier', '2018-07-27 08:30:03');
insert into utilizador (id, username, password, email, nome, registration_date) values (27, 'tsweenyq', 'XFdyl2DK', 'tsweenyq@unc.edu', 'Traver Sweeny', '2018-11-18 12:10:13');
insert into utilizador (id, username, password, email, nome, registration_date) values (28, 'sayrsr', '0n5c9xB', 'sayrsr@cnet.com', 'Sapphire Ayrs', '2018-07-05 22:42:05');
insert into utilizador (id, username, password, email, nome, registration_date) values (29, 'cduggets', 'nfagV2KBm', 'cduggets@illinois.edu', 'Carmelita Dugget', '2019-02-25 14:51:41');
insert into utilizador (id, username, password, email, nome, registration_date) values (30, 'rreekst', 'mJIjCrx', 'rreekst@scientificamerican.com', 'Riannon Reeks', '2019-02-26 16:23:38');
insert into utilizador (id, username, password, email, nome, registration_date) values (31, 'ccheeldu', 'reo5S7v4', 'ccheeldu@wix.com', 'Casper Cheeld', '2018-11-23 22:29:12');
insert into utilizador (id, username, password, email, nome, registration_date) values (32, 'gbastardv', 'hb26rio', 'gbastardv@census.gov', 'Gaston Bastard', '2018-09-05 02:47:53');
insert into utilizador (id, username, password, email, nome, registration_date) values (33, 'tduferw', 'fejDwCTlB', 'tduferw@china.com.cn', 'Tod Dufer', '2019-01-05 20:01:27');
insert into utilizador (id, username, password, email, nome, registration_date) values (34, 'mredsallx', 'Xbjg2RfT', 'mredsallx@gizmodo.com', 'Marya Redsall', '2018-07-07 22:56:48');
insert into utilizador (id, username, password, email, nome, registration_date) values (35, 'cvivyany', 'TS1dAOWACd', 'cvivyany@salon.com', 'Cloris Vivyan', '2019-04-05 05:50:11');
insert into utilizador (id, username, password, email, nome, registration_date) values (36, 'estaffz', 'gNCoX8D', 'estaffz@prlog.org', 'Elane Staff', '2018-12-14 04:41:19');
insert into utilizador (id, username, password, email, nome, registration_date) values (37, 'rcopland10', 'aistqJ6U1GmT', 'rcopland10@people.com.cn', 'Rianon Copland', '2018-08-08 02:16:57');
insert into utilizador (id, username, password, email, nome, registration_date) values (38, 'rstapells11', 'S2eRCNO', 'rstapells11@acquirethisname.com', 'Raimund Stapells', '2018-11-13 04:02:53');
insert into utilizador (id, username, password, email, nome, registration_date) values (39, 'vducham12', 'mDMAd8NaQ', 'vducham12@businesswire.com', 'Vally Ducham', '2018-07-16 19:26:15');
insert into utilizador (id, username, password, email, nome, registration_date) values (40, 'kcoye13', 'JL9Vg2yf', 'kcoye13@gov.uk', 'Kym Coye', '2018-09-08 18:20:56');
insert into utilizador (id, username, password, email, nome, registration_date) values (41, 'pblindmann14', 'JEMzG6VCk2', 'pblindmann14@clickbank.net', 'Patric Blindmann', '2019-06-06 06:27:54');
insert into utilizador (id, username, password, email, nome, registration_date) values (42, 'vbeaney15', 'g2XQvxUmSg', 'vbeaney15@netscape.com', 'Vitia Beaney', '2018-07-29 00:11:31');
insert into utilizador (id, username, password, email, nome, registration_date) values (43, 'hwindous16', '4nr9Mn', 'hwindous16@meetup.com', 'Hamnet Windous', '2018-09-07 10:15:40');
insert into utilizador (id, username, password, email, nome, registration_date) values (44, 'bmandell17', 'uoyBklbegu', 'bmandell17@google.nl', 'Bone Mandell', '2018-08-01 23:42:04');
insert into utilizador (id, username, password, email, nome, registration_date) values (45, 'rkerry18', 'JG875q49p', 'rkerry18@google.nl', 'Rurik Kerry', '2018-12-23 06:20:46');
insert into utilizador (id, username, password, email, nome, registration_date) values (46, 'sferrino19', 'OrH505Kndlp', 'sferrino19@boston.com', 'Sabra Ferrino', '2018-11-25 14:01:27');
insert into utilizador (id, username, password, email, nome, registration_date) values (47, 'sgrebner1a', 'tlRF5PV6doQD', 'sgrebner1a@biglobe.ne.jp', 'Sabina Grebner', '2019-04-29 13:44:43');
insert into utilizador (id, username, password, email, nome, registration_date) values (48, 'ftucknutt1b', '01rMIJHt8Vp', 'ftucknutt1b@howstuffworks.com', 'Federica Tucknutt', '2018-10-03 04:26:57');
insert into utilizador (id, username, password, email, nome, registration_date) values (49, 'gcrickmer1c', 'ZC9FCjO', 'gcrickmer1c@godaddy.com', 'Guinevere Crickmer', '2018-12-10 00:50:19');
insert into utilizador (id, username, password, email, nome, registration_date) values (50, 'wbunhill1d', 'e0MvXEG', 'wbunhill1d@1688.com', 'Wren Bunhill', '2019-02-27 20:45:18');
insert into utilizador (id, username, password, email, nome, registration_date) values (51, 'emacclancey1e', 'sPEiQFCE1Hr', 'emacclancey1e@deliciousdays.com', 'Erwin MacClancey', '2019-03-13 11:19:29');
insert into utilizador (id, username, password, email, nome, registration_date) values (52, 'cmaccarroll1f', 'MRxKKZOM', 'cmaccarroll1f@cnet.com', 'Caitlin MacCarroll', '2019-02-07 04:29:07');
insert into utilizador (id, username, password, email, nome, registration_date) values (53, 'hkeam1g', '06oveZIo', 'hkeam1g@xrea.com', 'Hewet Keam', '2018-12-28 23:54:08');
insert into utilizador (id, username, password, email, nome, registration_date) values (54, 'lnewrick1h', 'tAgOzNc9F9', 'lnewrick1h@sohu.com', 'Luciano Newrick', '2019-03-12 03:58:47');
insert into utilizador (id, username, password, email, nome, registration_date) values (55, 'jgopsall1i', 'w0cm7da', 'jgopsall1i@hugedomains.com', 'Jermayne Gopsall', '2018-12-02 01:51:45');
insert into utilizador (id, username, password, email, nome, registration_date) values (56, 'lcatterall1j', 'voFhOvBvEh', 'lcatterall1j@infoseek.co.jp', 'Lovell Catterall', '2019-04-06 10:02:48');
insert into utilizador (id, username, password, email, nome, registration_date) values (57, 'kspriggs1k', 'J3Ya4TbuXoZz', 'kspriggs1k@xing.com', 'Karisa Spriggs', '2018-07-23 05:24:14');
insert into utilizador (id, username, password, email, nome, registration_date) values (58, 'tpawelczyk1l', 'oV8J5H', 'tpawelczyk1l@harvard.edu', 'Torrie Pawelczyk', '2019-02-18 05:49:32');
insert into utilizador (id, username, password, email, nome, registration_date) values (59, 'tmatashkin1m', 'b2c4AKHO', 'tmatashkin1m@netlog.com', 'Tessi Matashkin', '2018-09-29 07:31:39');
insert into utilizador (id, username, password, email, nome, registration_date) values (60, 'rrivenzon1n', 'Z1W7GtDu', 'rrivenzon1n@histats.com', 'Rick Rivenzon', '2019-02-25 18:23:08');
insert into utilizador (id, username, password, email, nome, registration_date) values (61, 'fbernath1o', 'm2m5iZIR3id', 'fbernath1o@imdb.com', 'Fiann Bernath', '2018-08-13 16:28:36');
insert into utilizador (id, username, password, email, nome, registration_date) values (62, 'wmcfaul1p', 'mzFsi8cxy', 'wmcfaul1p@digg.com', 'Will McFaul', '2019-01-26 22:40:57');
insert into utilizador (id, username, password, email, nome, registration_date) values (63, 'cdomerq1q', 'te26KknNNhcJ', 'cdomerq1q@examiner.com', 'Chip Domerq', '2018-07-08 22:05:14');
insert into utilizador (id, username, password, email, nome, registration_date) values (64, 'bdunkley1r', 'auSg19', 'bdunkley1r@edublogs.org', 'Bryon Dunkley', '2019-05-03 18:46:19');
insert into utilizador (id, username, password, email, nome, registration_date) values (65, 'ashaxby1s', 'eAgU1VqyLX', 'ashaxby1s@e-recht24.de', 'Angelico Shaxby', '2018-07-11 14:43:05');
insert into utilizador (id, username, password, email, nome, registration_date) values (66, 'rgreensted1t', 'tgnu3A84', 'rgreensted1t@redcross.org', 'Rory Greensted', '2018-11-03 09:41:09');
insert into utilizador (id, username, password, email, nome, registration_date) values (67, 'hlodemann1u', 'jHfcs7NYAE75', 'hlodemann1u@discuz.net', 'Haven Lodemann', '2019-03-23 05:39:43');
insert into utilizador (id, username, password, email, nome, registration_date) values (68, 'cdumphry1v', '0c6GSHEK', 'cdumphry1v@samsung.com', 'Celinka Dumphry', '2019-03-16 01:07:11');
insert into utilizador (id, username, password, email, nome, registration_date) values (69, 'acant1w', 'IpMsVY', 'acant1w@sciencedaily.com', 'Athene Cant', '2019-01-19 15:50:11');
insert into utilizador (id, username, password, email, nome, registration_date) values (70, 'kodowd1x', 'XTaRJQGJcz', 'kodowd1x@mozilla.org', 'Kimbell O''Dowd', '2018-12-03 01:46:43');
insert into utilizador (id, username, password, email, nome, registration_date) values (71, 'cwillmore1y', 'lsPkWNGP810z', 'cwillmore1y@miibeian.gov.cn', 'Clevey Willmore', '2018-07-27 22:52:36');
insert into utilizador (id, username, password, email, nome, registration_date) values (72, 'pgayne1z', 'TNs9gsTBQ', 'pgayne1z@ifeng.com', 'Padraic Gayne', '2019-03-18 14:25:50');
insert into utilizador (id, username, password, email, nome, registration_date) values (73, 'rselvester20', 'dMAMjy2I8', 'rselvester20@prweb.com', 'Ryon Selvester', '2019-03-07 00:27:03');
insert into utilizador (id, username, password, email, nome, registration_date) values (74, 'horet21', 'zWPUiv', 'horet21@godaddy.com', 'Helena Oret', '2018-07-08 14:57:29');
insert into utilizador (id, username, password, email, nome, registration_date) values (75, 'mwestmarland22', 'AYV0E0VmbT', 'mwestmarland22@smugmug.com', 'Maurise Westmarland', '2019-04-05 00:56:41');
insert into utilizador (id, username, password, email, nome, registration_date) values (76, 'kgorsse23', '2xQCQZFhq', 'kgorsse23@blinklist.com', 'Katina Gorsse', '2018-09-10 05:33:28');
insert into utilizador (id, username, password, email, nome, registration_date) values (77, 'mbanton24', 'yPX8rI1a50', 'mbanton24@ovh.net', 'Mortimer Banton', '2018-09-13 05:07:50');
insert into utilizador (id, username, password, email, nome, registration_date) values (78, 'lmc25', '7NZXuP', 'lmc25@hostgator.com', 'Laurens Mc Andrew', '2019-04-26 02:10:00');
insert into utilizador (id, username, password, email, nome, registration_date) values (79, 'glazar26', 'KsQSzh', 'glazar26@mail.ru', 'Garrik Lazar', '2018-09-03 12:16:30');
insert into utilizador (id, username, password, email, nome, registration_date) values (80, 'ccamelia27', 'lmnizVxe', 'ccamelia27@github.io', 'Con Camelia', '2019-04-06 22:23:51');
insert into utilizador (id, username, password, email, nome, registration_date) values (81, 'hproschek28', 'NwZLZtyr7K', 'hproschek28@meetup.com', 'Hobey Proschek', '2018-08-18 01:40:41');
insert into utilizador (id, username, password, email, nome, registration_date) values (82, 'agreystoke29', 'EZGHEfia', 'agreystoke29@chron.com', 'Adelaida Greystoke', '2018-12-26 06:06:02');
insert into utilizador (id, username, password, email, nome, registration_date) values (83, 'gcarnock2a', 'FCkKRWsSaaj', 'gcarnock2a@bing.com', 'Gusella Carnock', '2018-08-22 01:02:09');
insert into utilizador (id, username, password, email, nome, registration_date) values (84, 'jcosgreave2b', '300pRj', 'jcosgreave2b@multiply.com', 'Josselyn Cosgreave', '2018-07-17 15:00:41');
insert into utilizador (id, username, password, email, nome, registration_date) values (85, 'tadamczewski2c', 'OLTCFYAr', 'tadamczewski2c@washingtonpost.com', 'Thibaut Adamczewski', '2019-05-11 00:01:51');
insert into utilizador (id, username, password, email, nome, registration_date) values (86, 'cvyse2d', 'kQlsCy7a', 'cvyse2d@marriott.com', 'Corilla Vyse', '2018-09-09 00:40:38');
insert into utilizador (id, username, password, email, nome, registration_date) values (87, 'lnoonan2e', 'xYanj8Qp', 'lnoonan2e@ucoz.com', 'Lisbeth Noonan', '2018-10-02 16:13:11');
insert into utilizador (id, username, password, email, nome, registration_date) values (88, 'msmallthwaite2f', '5vLtYwotvycS', 'msmallthwaite2f@ifeng.com', 'Marylynne Smallthwaite', '2019-02-14 18:26:05');
insert into utilizador (id, username, password, email, nome, registration_date) values (89, 'bhuffa2g', 'ojDF7pN3vZZd', 'bhuffa2g@accuweather.com', 'Barbara Huffa', '2019-03-09 10:50:03');
insert into utilizador (id, username, password, email, nome, registration_date) values (90, 'rguillem2h', 'W3Y2cpIQ', 'rguillem2h@ftc.gov', 'Reese Guillem', '2018-12-10 09:57:18');
insert into utilizador (id, username, password, email, nome, registration_date) values (91, 'rallmen2i', 'B3LVgNPxp4f', 'rallmen2i@npr.org', 'Rochelle Allmen', '2019-03-13 21:46:46');
insert into utilizador (id, username, password, email, nome, registration_date) values (92, 'flewry2j', 'asEmehA1eu', 'flewry2j@123-reg.co.uk', 'Fielding Lewry', '2018-10-20 09:38:14');
insert into utilizador (id, username, password, email, nome, registration_date) values (93, 'jhatje2k', 'yL1fG1ZJ', 'jhatje2k@digg.com', 'Jacinda Hatje', '2019-05-20 15:10:28');
insert into utilizador (id, username, password, email, nome, registration_date) values (94, 'cscottrell2l', '6c0UjaMC', 'cscottrell2l@weebly.com', 'Cindelyn Scottrell', '2018-06-30 17:30:19');
insert into utilizador (id, username, password, email, nome, registration_date) values (95, 'klyngsted2m', 'tp2tf0i', 'klyngsted2m@wikia.com', 'Kimball Lyngsted', '2018-10-13 18:55:37');
insert into utilizador (id, username, password, email, nome, registration_date) values (96, 'yclinton2n', 'dwmTiIj9mezR', 'yclinton2n@bing.com', 'Ynez Clinton', '2019-03-18 10:30:27');
insert into utilizador (id, username, password, email, nome, registration_date) values (97, 'eballsdon2o', 'vY7b1bWfTim', 'eballsdon2o@engadget.com', 'Eliot Ballsdon', '2018-10-01 17:20:01');
insert into utilizador (id, username, password, email, nome, registration_date) values (98, 'aservice2p', 'lFqERwicv6y', 'aservice2p@stanford.edu', 'Artie Service', '2018-11-03 04:54:45');
insert into utilizador (id, username, password, email, nome, registration_date) values (99, 'mrihosek2q', '8CgEetus', 'mrihosek2q@samsung.com', 'Mandi Rihosek', '2018-09-14 23:12:24');
insert into utilizador (id, username, password, email, nome, registration_date) values (100, 'cdymocke2r', 'VXTJ6lLEW', 'cdymocke2r@springer.com', 'Carree Dymocke', '2018-07-13 19:35:34');
insert into utilizador (id, username, password, email, nome, registration_date) values (101, 'emayling2s', 'jSHKlw', 'emayling2s@godaddy.com', 'Elsworth Mayling', '2018-07-21 00:22:07');
insert into utilizador (id, username, password, email, nome, registration_date) values (102, 'jyouhill2t', 'DwjPb6u45L2', 'jyouhill2t@1und1.de', 'Jon Youhill', '2018-06-30 11:32:03');
insert into utilizador (id, username, password, email, nome, registration_date) values (103, 'aeverett2u', 'VOP1VQJfcjHz', 'aeverett2u@yahoo.co.jp', 'Aldon Everett', '2018-10-28 21:00:14');
insert into utilizador (id, username, password, email, nome, registration_date) values (104, 'bmay2v', 'hgqEp4YS', 'bmay2v@nature.com', 'Beniamino May', '2019-04-25 06:08:34');
insert into utilizador (id, username, password, email, nome, registration_date) values (105, 'bdormon2w', 'eaM52qguZ', 'bdormon2w@qq.com', 'Bren Dormon', '2019-05-30 18:32:47');
insert into utilizador (id, username, password, email, nome, registration_date) values (106, 'xazemar2x', 'aarZIoc2r', 'xazemar2x@yellowbook.com', 'Xylia Azemar', '2018-07-15 04:29:38');
insert into utilizador (id, username, password, email, nome, registration_date) values (107, 'ftatton2y', 'cPRwhq', 'ftatton2y@unblog.fr', 'Filmer Tatton', '2019-01-10 10:14:43');
insert into utilizador (id, username, password, email, nome, registration_date) values (108, 'sloughan2z', 'ajOknpuwme', 'sloughan2z@opensource.org', 'Sherman Loughan', '2019-01-16 17:18:36');
insert into utilizador (id, username, password, email, nome, registration_date) values (109, 'elevick30', '4YbE4TJR3V8', 'elevick30@patch.com', 'Electra Levick', '2018-10-09 22:10:53');
insert into utilizador (id, username, password, email, nome, registration_date) values (110, 'jmallison31', 'jkWNxr', 'jmallison31@github.com', 'Jed Mallison', '2019-04-07 20:48:03');
insert into utilizador (id, username, password, email, nome, registration_date) values (111, 'vtunny32', 'jjV1due6C', 'vtunny32@de.vu', 'Veronika Tunny', '2019-02-04 10:57:13');
insert into utilizador (id, username, password, email, nome, registration_date) values (112, 'dmorrott33', 'h3YPeTX', 'dmorrott33@admin.ch', 'Dorene Morrott', '2018-10-19 16:27:21');
insert into utilizador (id, username, password, email, nome, registration_date) values (113, 'jbreacher34', 'nS4mlFh0', 'jbreacher34@twitpic.com', 'Jonas Breacher', '2019-03-14 17:42:59');
insert into utilizador (id, username, password, email, nome, registration_date) values (114, 'fluff35', 'A0AtJoE7Hn', 'fluff35@boston.com', 'Fons Luff', '2018-07-20 22:46:43');
insert into utilizador (id, username, password, email, nome, registration_date) values (115, 'hmeneyer36', '7DPGFH', 'hmeneyer36@t.co', 'Huberto Meneyer', '2019-05-25 00:35:04');
insert into utilizador (id, username, password, email, nome, registration_date) values (116, 'tmenloe37', 'kLNf0Sf8', 'tmenloe37@prweb.com', 'Timotheus Menloe', '2019-05-12 01:45:06');
insert into utilizador (id, username, password, email, nome, registration_date) values (117, 'bdeluze38', 'cTwwFS', 'bdeluze38@ihg.com', 'Blisse Deluze', '2019-03-21 13:29:45');
insert into utilizador (id, username, password, email, nome, registration_date) values (118, 'camori39', 'qxesDk', 'camori39@mapy.cz', 'Cecile Amori', '2018-07-01 23:01:41');
insert into utilizador (id, username, password, email, nome, registration_date) values (119, 'lrockwell3a', '12SZ7uZg0G', 'lrockwell3a@huffingtonpost.com', 'Laird Rockwell', '2018-12-31 17:00:08');
insert into utilizador (id, username, password, email, nome, registration_date) values (120, 'sperford3b', 'bPOdsSzpECCx', 'sperford3b@msu.edu', 'Stepha Perford', '2018-12-24 08:58:13');
insert into utilizador (id, username, password, email, nome, registration_date) values (121, 'rnewitt3c', 'uElbgSLnR', 'rnewitt3c@studiopress.com', 'Ruggiero Newitt', '2019-05-26 13:07:05');
insert into utilizador (id, username, password, email, nome, registration_date) values (122, 'gfrancescone3d', 'CgeLGM', 'gfrancescone3d@kickstarter.com', 'Greer Francescone', '2018-11-30 19:53:10');
insert into utilizador (id, username, password, email, nome, registration_date) values (123, 'mrigardeau3e', 'y8BMAi', 'mrigardeau3e@examiner.com', 'Mignonne Rigardeau', '2018-07-27 22:05:53');
insert into utilizador (id, username, password, email, nome, registration_date) values (124, 'bboanas3f', 'ojKa9im0ox', 'bboanas3f@irs.gov', 'Bondie Boanas', '2019-04-12 22:59:45');
insert into utilizador (id, username, password, email, nome, registration_date) values (125, 'bllewellyn3g', 'Griwh410ewf', 'bllewellyn3g@unicef.org', 'Beauregard Llewellyn', '2019-01-02 10:02:17');
insert into utilizador (id, username, password, email, nome, registration_date) values (126, 'agreenhall3h', '7ZXJFp', 'agreenhall3h@indiegogo.com', 'Anne-corinne Greenhall', '2019-03-02 13:40:45');
insert into utilizador (id, username, password, email, nome, registration_date) values (127, 'tmacalroy3i', 'Np2hJzsxrX9', 'tmacalroy3i@infoseek.co.jp', 'Teirtza MacAlroy', '2019-05-09 13:00:19');
insert into utilizador (id, username, password, email, nome, registration_date) values (128, 'dferier3j', 'OSW8oc', 'dferier3j@1688.com', 'Damita Ferier', '2018-09-13 19:36:09');
insert into utilizador (id, username, password, email, nome, registration_date) values (129, 'mmcilmurray3k', 'dyv8k4', 'mmcilmurray3k@businesswire.com', 'Marcus McIlmurray', '2019-05-06 07:49:01');
insert into utilizador (id, username, password, email, nome, registration_date) values (130, 'jhritzko3l', 'UJ6Ntn9rl5j', 'jhritzko3l@wp.com', 'Justis Hritzko', '2019-04-27 05:44:37');
insert into utilizador (id, username, password, email, nome, registration_date) values (131, 'jjearum3m', 'FFqctO0m', 'jjearum3m@tmall.com', 'Janaya Jearum', '2018-08-30 16:46:18');
insert into utilizador (id, username, password, email, nome, registration_date) values (132, 'sandrault3n', 'ZapClCj', 'sandrault3n@ebay.co.uk', 'Sheelagh Andrault', '2018-10-29 18:57:36');
insert into utilizador (id, username, password, email, nome, registration_date) values (133, 'hkynge3o', 'wAgcAcb9y', 'hkynge3o@xinhuanet.com', 'Hilliary Kynge', '2018-07-29 09:12:31');
insert into utilizador (id, username, password, email, nome, registration_date) values (134, 'ocarleton3p', 'DhQitqli3', 'ocarleton3p@intel.com', 'Orton Carleton', '2019-06-05 08:37:53');
insert into utilizador (id, username, password, email, nome, registration_date) values (135, 'wclowney3q', '8NyGmwz', 'wclowney3q@soup.io', 'Waring Clowney', '2018-09-22 11:28:23');
insert into utilizador (id, username, password, email, nome, registration_date) values (136, 'cgidley3r', 'Tam8d5oKhYdk', 'cgidley3r@tripadvisor.com', 'Currey Gidley', '2019-05-18 22:07:48');
insert into utilizador (id, username, password, email, nome, registration_date) values (137, 'sbraune3s', 'Td8JswE', 'sbraune3s@theglobeandmail.com', 'Seumas Braune', '2019-03-20 05:53:01');
insert into utilizador (id, username, password, email, nome, registration_date) values (138, 'gphillps3t', 'SZdidC6kh', 'gphillps3t@github.com', 'Gladi Phillps', '2018-08-07 08:16:22');
insert into utilizador (id, username, password, email, nome, registration_date) values (139, 'adeverill3u', 'n9Znz1Us', 'adeverill3u@exblog.jp', 'Andreana Deverill', '2018-11-12 05:49:04');
insert into utilizador (id, username, password, email, nome, registration_date) values (140, 'kdemangeot3v', 'pLJTTbex5s', 'kdemangeot3v@auda.org.au', 'Kelbee Demangeot', '2019-03-02 10:50:17');
insert into utilizador (id, username, password, email, nome, registration_date) values (141, 'twordley3w', 'ceXeJDIjCwCX', 'twordley3w@chronoengine.com', 'Temp Wordley', '2019-02-27 20:37:49');
insert into utilizador (id, username, password, email, nome, registration_date) values (142, 'gbrinkworth3x', 'oVTY5Pbwqt', 'gbrinkworth3x@ox.ac.uk', 'Garwood Brinkworth', '2019-03-03 19:08:47');
insert into utilizador (id, username, password, email, nome, registration_date) values (143, 'glaux3y', 'u2NTAzUi6Eg', 'glaux3y@hc360.com', 'Gisele Laux', '2018-07-12 23:00:20');
insert into utilizador (id, username, password, email, nome, registration_date) values (144, 'wsibbson3z', 'fNSO94ybNZ5Q', 'wsibbson3z@ucoz.ru', 'Wallis Sibbson', '2018-11-08 19:44:23');
insert into utilizador (id, username, password, email, nome, registration_date) values (145, 'fhalso40', 'K3GsrT', 'fhalso40@mysql.com', 'Farrel Halso', '2019-05-31 23:34:31');
insert into utilizador (id, username, password, email, nome, registration_date) values (146, 'soakes41', 'v0tU09GQ', 'soakes41@unc.edu', 'Sean Oakes', '2019-04-29 17:03:41');
insert into utilizador (id, username, password, email, nome, registration_date) values (147, 'bbeccles42', 'Mu8N0r', 'bbeccles42@sogou.com', 'Becky Beccles', '2018-08-30 18:39:09');
insert into utilizador (id, username, password, email, nome, registration_date) values (148, 'thebron43', 'uzxke2Sy5shK', 'thebron43@comsenz.com', 'Terri Hebron', '2018-12-23 12:30:42');
insert into utilizador (id, username, password, email, nome, registration_date) values (149, 'mantonomolii44', 'lryTYjsyV', 'mantonomolii44@hp.com', 'Marylou Antonomolii', '2019-01-30 01:04:34');
insert into utilizador (id, username, password, email, nome, registration_date) values (150, 'wthunderchief45', '92YUjny7B5p', 'wthunderchief45@fastcompany.com', 'William Thunderchief', '2019-03-17 13:20:34');
insert into utilizador (id, username, password, email, nome, registration_date) values (151, 'lcaps46', 'gRG8vVBhzWQ', 'lcaps46@disqus.com', 'Lucina Caps', '2019-01-29 19:44:40');
insert into utilizador (id, username, password, email, nome, registration_date) values (152, 'smcghee47', 'vl6rFnUtu', 'smcghee47@photobucket.com', 'Sigfrid McGhee', '2018-08-25 02:45:42');
insert into utilizador (id, username, password, email, nome, registration_date) values (153, 'wsteynor48', 'XuZIbugFUdq', 'wsteynor48@usa.gov', 'Woody Steynor', '2019-04-24 07:02:13');
insert into utilizador (id, username, password, email, nome, registration_date) values (154, 'ykiledal49', 'yRcaJBTVL', 'ykiledal49@mediafire.com', 'Ynez Kiledal', '2019-06-03 16:43:41');
insert into utilizador (id, username, password, email, nome, registration_date) values (155, 'jzeale4a', 'KqE7sfff', 'jzeale4a@webnode.com', 'Jeralee Zeale', '2018-12-08 15:56:48');
insert into utilizador (id, username, password, email, nome, registration_date) values (156, 'asarchwell4b', 'ACJ325yNafi', 'asarchwell4b@yandex.ru', 'Abbye Sarchwell', '2019-05-23 07:43:38');
insert into utilizador (id, username, password, email, nome, registration_date) values (157, 'eandrat4c', 'Bvj8Tj', 'eandrat4c@berkeley.edu', 'Evaleen Andrat', '2018-07-19 15:00:37');
insert into utilizador (id, username, password, email, nome, registration_date) values (158, 'cdurbridge4d', 'OMSfEVHgtf', 'cdurbridge4d@amazon.co.jp', 'Caye Durbridge', '2018-09-14 07:17:01');
insert into utilizador (id, username, password, email, nome, registration_date) values (159, 'cmcfarlane4e', 'G3zYUKf', 'cmcfarlane4e@github.com', 'Christoforo McFarlane', '2018-11-15 22:33:37');
insert into utilizador (id, username, password, email, nome, registration_date) values (160, 'abruckental4f', 'xC7jsz151', 'abruckental4f@webmd.com', 'Anya Bruckental', '2018-08-21 20:22:44');
insert into utilizador (id, username, password, email, nome, registration_date) values (161, 'ccoltart4g', 'FM0kNIMXDgM', 'ccoltart4g@ebay.com', 'Cecilio Coltart', '2018-08-16 06:58:30');
insert into utilizador (id, username, password, email, nome, registration_date) values (162, 'aadshed4h', 'ZRSIGiAUmPl', 'aadshed4h@sitemeter.com', 'Austin Adshed', '2018-11-07 08:53:54');
insert into utilizador (id, username, password, email, nome, registration_date) values (163, 'mmartino4i', 'lYxH7B', 'mmartino4i@noaa.gov', 'Marcellina Martino', '2019-01-09 13:42:48');
insert into utilizador (id, username, password, email, nome, registration_date) values (164, 'kgrigoroni4j', 'fFYpAA7NzVEM', 'kgrigoroni4j@google.com', 'Kipp Grigoroni', '2018-07-14 20:53:00');
insert into utilizador (id, username, password, email, nome, registration_date) values (165, 'dstonhard4k', 'N3B9uR', 'dstonhard4k@youtu.be', 'Danny Stonhard', '2019-02-08 20:51:22');
insert into utilizador (id, username, password, email, nome, registration_date) values (166, 'gcorr4l', 'NA5YIcKWxRJ', 'gcorr4l@arizona.edu', 'Gwynne Corr', '2018-08-25 20:48:37');
insert into utilizador (id, username, password, email, nome, registration_date) values (167, 'jtippings4m', '0uxDg8FDR', 'jtippings4m@myspace.com', 'Joellen Tippings', '2018-07-18 00:46:19');
insert into utilizador (id, username, password, email, nome, registration_date) values (168, 'isollam4n', 'csYWKDN0', 'isollam4n@webs.com', 'Isa Sollam', '2019-01-05 02:26:49');
insert into utilizador (id, username, password, email, nome, registration_date) values (169, 'ofronczak4o', 'CfdSfJ', 'ofronczak4o@washington.edu', 'Olwen Fronczak', '2018-08-06 16:28:18');
insert into utilizador (id, username, password, email, nome, registration_date) values (170, 'arebbeck4p', 'nmLGOHi', 'arebbeck4p@goo.gl', 'Audy Rebbeck', '2018-11-11 01:13:45');
insert into utilizador (id, username, password, email, nome, registration_date) values (171, 'kkneller4q', 'tIqcvF9LgcWT', 'kkneller4q@utexas.edu', 'Kerrin Kneller', '2019-03-21 10:33:30');
insert into utilizador (id, username, password, email, nome, registration_date) values (172, 'ibetham4r', 'uVcq2Bnd9GDj', 'ibetham4r@smh.com.au', 'Irving Betham', '2019-03-05 19:21:30');
insert into utilizador (id, username, password, email, nome, registration_date) values (173, 'hstedson4s', 'GZRSFL', 'hstedson4s@washingtonpost.com', 'Happy Stedson', '2018-10-25 14:44:09');
insert into utilizador (id, username, password, email, nome, registration_date) values (174, 'bethersey4t', '12Ckv4MJ0FP', 'bethersey4t@abc.net.au', 'Bevon Ethersey', '2018-11-07 22:50:25');
insert into utilizador (id, username, password, email, nome, registration_date) values (175, 'mshepherd4u', '4Dzem2V', 'mshepherd4u@yale.edu', 'Malchy Shepherd', '2019-04-17 01:43:20');
insert into utilizador (id, username, password, email, nome, registration_date) values (176, 'fsillis4v', '69x5l51fmSb', 'fsillis4v@biglobe.ne.jp', 'Finn Sillis', '2018-08-20 22:23:42');
insert into utilizador (id, username, password, email, nome, registration_date) values (177, 'bliddall4w', 'hcNSZCuMFK', 'bliddall4w@t.co', 'Beatrisa Liddall', '2018-08-02 18:24:06');
insert into utilizador (id, username, password, email, nome, registration_date) values (178, 'rlerigo4x', 'TO3b5kwFTuj4', 'rlerigo4x@histats.com', 'Reginald Lerigo', '2019-04-01 01:21:53');
insert into utilizador (id, username, password, email, nome, registration_date) values (179, 'rdrain4y', 'Ztt3D0Bf3jsQ', 'rdrain4y@oakley.com', 'Robinetta Drain', '2019-03-14 06:24:58');
insert into utilizador (id, username, password, email, nome, registration_date) values (180, 'kmcmurdo4z', 'WsrNKt65otsx', 'kmcmurdo4z@irs.gov', 'Kipper McMurdo', '2019-04-14 09:18:31');
insert into utilizador (id, username, password, email, nome, registration_date) values (181, 'mbatie50', '02AHbhM', 'mbatie50@scientificamerican.com', 'Mathilda Batie', '2019-05-18 02:50:25');
insert into utilizador (id, username, password, email, nome, registration_date) values (182, 'jscarisbrick51', '7JebtuC5Yj', 'jscarisbrick51@usa.gov', 'Joyous Scarisbrick', '2019-01-09 11:04:03');
insert into utilizador (id, username, password, email, nome, registration_date) values (183, 'aleggis52', 'FNI3Mz8z8xA', 'aleggis52@360.cn', 'Ambrosi Leggis', '2019-03-12 20:12:11');
insert into utilizador (id, username, password, email, nome, registration_date) values (184, 'gsimenet53', 'OA8tvy2MSDoP', 'gsimenet53@fema.gov', 'Gauthier Simenet', '2019-03-04 14:46:30');
insert into utilizador (id, username, password, email, nome, registration_date) values (185, 'ksomerscales54', 'YWVfBoEqg', 'ksomerscales54@cdbaby.com', 'Kattie Somerscales', '2018-09-01 19:06:09');
insert into utilizador (id, username, password, email, nome, registration_date) values (186, 'igateshill55', 'LiZC3dT2qP', 'igateshill55@auda.org.au', 'Imogen Gateshill', '2019-02-13 04:54:05');
insert into utilizador (id, username, password, email, nome, registration_date) values (187, 'dlamkin56', '6TTKVH', 'dlamkin56@quantcast.com', 'Diane-marie Lamkin', '2019-02-07 17:18:34');
insert into utilizador (id, username, password, email, nome, registration_date) values (188, 'jmartellini57', 'bEY7Vbw', 'jmartellini57@biglobe.ne.jp', 'Jamie Martellini', '2018-08-01 18:30:00');
insert into utilizador (id, username, password, email, nome, registration_date) values (189, 'kdevere58', '8nvTYc5', 'kdevere58@techcrunch.com', 'Karoly De''Vere - Hunt', '2019-04-07 22:22:53');
insert into utilizador (id, username, password, email, nome, registration_date) values (190, 'rchilvers59', '5YpvolYu', 'rchilvers59@amazon.com', 'Robinetta Chilvers', '2018-11-08 23:13:31');
insert into utilizador (id, username, password, email, nome, registration_date) values (191, 'graddish5a', 'qqzuKz4Ebltc', 'graddish5a@yellowpages.com', 'Gilles Raddish', '2018-07-21 21:23:16');
insert into utilizador (id, username, password, email, nome, registration_date) values (192, 'mcrannage5b', 'rFRSeC1RN3', 'mcrannage5b@fc2.com', 'Martynne Crannage', '2019-06-09 00:22:57');
insert into utilizador (id, username, password, email, nome, registration_date) values (193, 'aruttgers5c', 'DQOdDRp', 'aruttgers5c@goo.ne.jp', 'Aloisia Ruttgers', '2018-10-29 00:47:20');
insert into utilizador (id, username, password, email, nome, registration_date) values (194, 'cderges5d', '6cmCrLL', 'cderges5d@google.cn', 'Cherilynn Derges', '2019-02-19 11:35:39');
insert into utilizador (id, username, password, email, nome, registration_date) values (195, 'ureisin5e', 'qQVAtxN1E', 'ureisin5e@forbes.com', 'Ulrick Reisin', '2018-08-19 21:40:49');
insert into utilizador (id, username, password, email, nome, registration_date) values (196, 'hchoudhury5f', 'DKijCoHMFt', 'hchoudhury5f@desdev.cn', 'Horatia Choudhury', '2018-12-10 13:37:52');
insert into utilizador (id, username, password, email, nome, registration_date) values (197, 'ngwinnel5g', 'chYt7aaWR5wR', 'ngwinnel5g@umich.edu', 'Nanci Gwinnel', '2019-06-11 18:45:16');
insert into utilizador (id, username, password, email, nome, registration_date) values (198, 'gwoodson5h', 'VPQT2Xp47Q', 'gwoodson5h@opera.com', 'Gilly Woodson', '2018-11-26 09:33:10');
insert into utilizador (id, username, password, email, nome, registration_date) values (199, 'dbaudin5i', 'uQv7j27iCPo', 'dbaudin5i@hatena.ne.jp', 'Dorine Baudin', '2019-04-28 12:49:03');
insert into utilizador (id, username, password, email, nome, registration_date) values (200, 'vkincey5j', 'H5xy1dBmi', 'vkincey5j@loc.gov', 'Verla Kincey', '2019-03-15 04:06:48');
insert into utilizador (id, username, password, email, nome, registration_date) values (201, 'bkolis5k', 'tSoPQIfA', 'bkolis5k@moonfruit.com', 'Bevin Kolis', '2018-09-26 02:37:47');
insert into utilizador (id, username, password, email, nome, registration_date) values (202, 'rvicent5l', 'S653ug0uI', 'rvicent5l@ca.gov', 'Raynor Vicent', '2018-08-02 19:09:33');
insert into utilizador (id, username, password, email, nome, registration_date) values (203, 'sconrart5m', 'l4Dy9lfh', 'sconrart5m@businesswire.com', 'Sandy Conrart', '2019-05-07 07:48:47');
insert into utilizador (id, username, password, email, nome, registration_date) values (204, 'ojacobsen5n', 'ZiUd6YmgNrG', 'ojacobsen5n@dailymotion.com', 'Othello Jacobsen', '2018-10-19 01:30:19');
insert into utilizador (id, username, password, email, nome, registration_date) values (205, 'mbourton5o', 'svWqWm', 'mbourton5o@accuweather.com', 'Mata Bourton', '2018-07-10 13:26:33');
insert into utilizador (id, username, password, email, nome, registration_date) values (206, 'gheisler5p', 'XZz75BapsdZ', 'gheisler5p@wordpress.org', 'Gran Heisler', '2019-06-17 13:39:43');
insert into utilizador (id, username, password, email, nome, registration_date) values (207, 'ppond5q', 'YvHTz8z9U', 'ppond5q@myspace.com', 'Pall Pond', '2019-04-29 02:33:03');
insert into utilizador (id, username, password, email, nome, registration_date) values (208, 'kgantz5r', 'ARoDvqHs', 'kgantz5r@amazon.com', 'Katee Gantz', '2019-01-01 14:54:01');
insert into utilizador (id, username, password, email, nome, registration_date) values (209, 'ndraisey5s', 'qyw1s5B8SN', 'ndraisey5s@plala.or.jp', 'Nixie Draisey', '2019-01-22 06:03:29');
insert into utilizador (id, username, password, email, nome, registration_date) values (210, 'lcayford5t', 'd6tfoCy', 'lcayford5t@mediafire.com', 'Lanni Cayford', '2018-11-29 10:10:50');
insert into utilizador (id, username, password, email, nome, registration_date) values (211, 'osummerfield5u', 'z66MmpRTv', 'osummerfield5u@chronoengine.com', 'Otis Summerfield', '2019-01-30 06:03:37');
insert into utilizador (id, username, password, email, nome, registration_date) values (212, 'estoyles5v', 'nw2BR4jfQ', 'estoyles5v@phoca.cz', 'Eli Stoyles', '2018-12-22 11:00:34');
insert into utilizador (id, username, password, email, nome, registration_date) values (213, 'nyandle5w', '8QrriG0', 'nyandle5w@naver.com', 'Normie Yandle', '2018-11-05 10:33:58');
insert into utilizador (id, username, password, email, nome, registration_date) values (214, 'bhenrot5x', 'OiSBWuZ9K', 'bhenrot5x@phpbb.com', 'Bernhard Henrot', '2018-09-03 10:37:11');
insert into utilizador (id, username, password, email, nome, registration_date) values (215, 'eagge5y', 'ORMUrx', 'eagge5y@yandex.ru', 'Eduardo Agge', '2019-05-26 14:49:19');
insert into utilizador (id, username, password, email, nome, registration_date) values (216, 'tshailer5z', 'd2HhnIUPVwf', 'tshailer5z@wiley.com', 'Theobald Shailer', '2019-05-03 20:08:37');
insert into utilizador (id, username, password, email, nome, registration_date) values (217, 'akhidr60', 'vYqIviouPKme', 'akhidr60@fastcompany.com', 'Algernon Khidr', '2018-07-29 06:40:27');
insert into utilizador (id, username, password, email, nome, registration_date) values (218, 'gchild61', 'qfdIXZSaS', 'gchild61@fema.gov', 'Garth Child', '2019-05-01 15:29:36');
insert into utilizador (id, username, password, email, nome, registration_date) values (219, 'dlismer62', 'TuciIA4', 'dlismer62@thetimes.co.uk', 'Dari Lismer', '2019-03-02 14:15:04');
insert into utilizador (id, username, password, email, nome, registration_date) values (220, 'dgreenrod63', 'hnHZYVM7wWA', 'dgreenrod63@netscape.com', 'Demetrius Greenrod', '2018-10-02 00:05:11');
insert into utilizador (id, username, password, email, nome, registration_date) values (221, 'ddate64', 'UkukBE', 'ddate64@ibm.com', 'Denyse Date', '2018-07-17 22:58:43');
insert into utilizador (id, username, password, email, nome, registration_date) values (222, 'ftankard65', 'WWjRVf4tIP', 'ftankard65@mtv.com', 'Fannie Tankard', '2019-05-05 15:52:05');
insert into utilizador (id, username, password, email, nome, registration_date) values (223, 'clazarus66', 'lviEGkQV6s', 'clazarus66@nydailynews.com', 'Cobby Lazarus', '2019-06-24 19:22:59');
insert into utilizador (id, username, password, email, nome, registration_date) values (224, 'dmaccaig67', 'td5tXssleRBj', 'dmaccaig67@wikipedia.org', 'Denise MacCaig', '2018-07-22 19:47:30');
insert into utilizador (id, username, password, email, nome, registration_date) values (225, 'tgoucher68', 'suLXPJ0xhJ', 'tgoucher68@rakuten.co.jp', 'Tracy Goucher', '2019-05-10 09:10:20');
insert into utilizador (id, username, password, email, nome, registration_date) values (226, 'lwhorf69', 'GspUIu3', 'lwhorf69@shinystat.com', 'Lorrayne Whorf', '2019-04-08 17:57:50');
insert into utilizador (id, username, password, email, nome, registration_date) values (227, 'eromney6a', 'DdD8Fq36LBO', 'eromney6a@guardian.co.uk', 'Emelda Romney', '2019-04-04 03:46:24');
insert into utilizador (id, username, password, email, nome, registration_date) values (228, 'irawling6b', '6UfAnPaMH0D', 'irawling6b@pcworld.com', 'Isis Rawling', '2019-02-02 01:53:37');
insert into utilizador (id, username, password, email, nome, registration_date) values (229, 'hbrothwood6c', 'j8VJeIIVn', 'hbrothwood6c@rediff.com', 'Hersh Brothwood', '2018-08-13 09:42:41');
insert into utilizador (id, username, password, email, nome, registration_date) values (230, 'lwem6d', 'a8NnpLsIC', 'lwem6d@wikispaces.com', 'Lauryn Wem', '2019-04-16 23:50:46');
insert into utilizador (id, username, password, email, nome, registration_date) values (231, 'filchenko6e', 'Lr5xVAQy7', 'filchenko6e@merriam-webster.com', 'Fritz Ilchenko', '2019-06-07 11:28:25');
insert into utilizador (id, username, password, email, nome, registration_date) values (232, 'ohaney6f', 'L7WkBWzZW', 'ohaney6f@istockphoto.com', 'Octavius Haney`', '2019-03-27 18:58:12');
insert into utilizador (id, username, password, email, nome, registration_date) values (233, 'rfulkes6g', 'XCy7RnUw', 'rfulkes6g@domainmarket.com', 'Rhetta Fulkes', '2019-04-04 10:26:56');
insert into utilizador (id, username, password, email, nome, registration_date) values (234, 'bhowson6h', 'jTD610', 'bhowson6h@etsy.com', 'Babara Howson', '2019-06-06 13:13:03');
insert into utilizador (id, username, password, email, nome, registration_date) values (235, 'smcgrae6i', '3ipsk69iFtLl', 'smcgrae6i@go.com', 'Simonette McGrae', '2018-08-14 06:42:57');
insert into utilizador (id, username, password, email, nome, registration_date) values (236, 'ohillam6j', 'JZYjPq', 'ohillam6j@goo.gl', 'Orelie Hillam', '2019-01-24 12:54:29');
insert into utilizador (id, username, password, email, nome, registration_date) values (237, 'zcoaster6k', '9becPvzzF', 'zcoaster6k@cocolog-nifty.com', 'Zerk Coaster', '2018-12-23 18:26:20');
insert into utilizador (id, username, password, email, nome, registration_date) values (238, 'bricciardiello6l', 'ucSSek', 'bricciardiello6l@netscape.com', 'Bess Ricciardiello', '2019-02-04 20:10:58');
insert into utilizador (id, username, password, email, nome, registration_date) values (239, 'ajuarez6m', '8lVyxg5', 'ajuarez6m@google.co.jp', 'Albert Juarez', '2019-04-03 22:44:01');
insert into utilizador (id, username, password, email, nome, registration_date) values (240, 'ssherbrook6n', 'QXVxsiRq', 'ssherbrook6n@elegantthemes.com', 'Shelbi Sherbrook', '2019-06-18 21:26:17');
insert into utilizador (id, username, password, email, nome, registration_date) values (241, 'sreede6o', 'bjvi3M22RnZ6', 'sreede6o@google.nl', 'Sigvard Reede', '2018-09-17 17:07:23');
insert into utilizador (id, username, password, email, nome, registration_date) values (242, 'egrindley6p', 'ZOhv9TZVd', 'egrindley6p@ovh.net', 'Ertha Grindley', '2019-04-06 22:47:21');
insert into utilizador (id, username, password, email, nome, registration_date) values (243, 'ldugdale6q', 'CVsQyi4XTgl', 'ldugdale6q@census.gov', 'Libbie Dugdale', '2019-05-03 11:07:06');
insert into utilizador (id, username, password, email, nome, registration_date) values (244, 'njickles6r', 'kuOES1kKj', 'njickles6r@va.gov', 'Nert Jickles', '2019-05-20 20:25:34');
insert into utilizador (id, username, password, email, nome, registration_date) values (245, 'sdensun6s', 'pQDacee', 'sdensun6s@ftc.gov', 'Stefano Densun', '2019-04-05 07:03:01');
insert into utilizador (id, username, password, email, nome, registration_date) values (246, 'lpentelo6t', '9A8sVd', 'lpentelo6t@columbia.edu', 'Letisha Pentelo', '2019-01-13 15:19:19');
insert into utilizador (id, username, password, email, nome, registration_date) values (247, 'alorking6u', 'FtNEf6', 'alorking6u@ucsd.edu', 'Andree Lorking', '2018-08-22 17:05:02');
insert into utilizador (id, username, password, email, nome, registration_date) values (248, 'pwilman6v', '5pDqJA6muZML', 'pwilman6v@shinystat.com', 'Prentiss Wilman', '2019-04-10 15:18:02');
insert into utilizador (id, username, password, email, nome, registration_date) values (249, 'vcoucha6w', 'rZ1mHLBDtM6', 'vcoucha6w@techcrunch.com', 'Vanda Coucha', '2019-04-24 08:24:51');
insert into utilizador (id, username, password, email, nome, registration_date) values (250, 'rnani6x', '04h54pSLKZK', 'rnani6x@mashable.com', 'Rubetta Nani', '2019-04-25 09:18:51');
insert into utilizador (id, username, password, email, nome, registration_date) values (251, 'esainz6y', 'MRKRTRLZgt', 'esainz6y@hubpages.com', 'Elbertine Sainz', '2019-05-23 02:13:35');
insert into utilizador (id, username, password, email, nome, registration_date) values (252, 'breinhart6z', 'X0a9v2c6uTgI', 'breinhart6z@pcworld.com', 'Barr Reinhart', '2019-03-03 22:25:27');
insert into utilizador (id, username, password, email, nome, registration_date) values (253, 'mbaynes70', 'K86IV6nYpz', 'mbaynes70@springer.com', 'Maia Baynes', '2019-05-28 22:56:44');
insert into utilizador (id, username, password, email, nome, registration_date) values (254, 'tbroadnicke71', 'p6hLYHACS8x', 'tbroadnicke71@shop-pro.jp', 'Tallulah Broadnicke', '2018-10-20 23:34:23');
insert into utilizador (id, username, password, email, nome, registration_date) values (255, 'ieckhard72', 'eYAkiHwXU', 'ieckhard72@prweb.com', 'Ilise Eckhard', '2018-11-24 06:43:14');
insert into utilizador (id, username, password, email, nome, registration_date) values (256, 'jlivezley73', '26n4TE0ei1US', 'jlivezley73@ucsd.edu', 'Juliann Livezley', '2019-01-11 12:37:58');
insert into utilizador (id, username, password, email, nome, registration_date) values (257, 'nlapides74', 'hM1el2YPc', 'nlapides74@sakura.ne.jp', 'Nicki Lapides', '2019-04-28 14:24:09');
insert into utilizador (id, username, password, email, nome, registration_date) values (258, 'atomalin75', 'zGu956ZrR', 'atomalin75@mac.com', 'Agnella Tomalin', '2018-09-12 19:13:25');
insert into utilizador (id, username, password, email, nome, registration_date) values (259, 'jbarrasse76', 'xAUKD1TQyi', 'jbarrasse76@oracle.com', 'Jill Barrasse', '2019-01-31 19:39:04');
insert into utilizador (id, username, password, email, nome, registration_date) values (260, 'rleschelle77', 'f7lOxboUhF', 'rleschelle77@wired.com', 'Rochelle Leschelle', '2018-10-12 07:20:28');
insert into utilizador (id, username, password, email, nome, registration_date) values (261, 'tohenehan78', '5fLukBbB8WZ', 'tohenehan78@theglobeandmail.com', 'Thatcher O''Henehan', '2019-02-14 00:55:17');
insert into utilizador (id, username, password, email, nome, registration_date) values (262, 'hpierro79', 'nCDgZiaVOhJv', 'hpierro79@irs.gov', 'Honey Pierro', '2019-03-22 02:03:21');
insert into utilizador (id, username, password, email, nome, registration_date) values (263, 'nbarkes7a', 'IQfb8Zqb', 'nbarkes7a@oracle.com', 'Nedi Barkes', '2018-07-20 15:48:50');
insert into utilizador (id, username, password, email, nome, registration_date) values (264, 'elandeg7b', 'mMwaiez4QAK9', 'elandeg7b@cpanel.net', 'Edie Landeg', '2019-05-21 03:53:14');
insert into utilizador (id, username, password, email, nome, registration_date) values (265, 'bgaggen7c', 'hBxTnAzdJvg2', 'bgaggen7c@t.co', 'Bert Gaggen', '2018-07-17 21:24:58');
insert into utilizador (id, username, password, email, nome, registration_date) values (266, 'rrafter7d', 'XGATBcPxcFV', 'rrafter7d@homestead.com', 'Reuben Rafter', '2019-06-01 11:36:38');
insert into utilizador (id, username, password, email, nome, registration_date) values (267, 'oyouhill7e', 'TEwTgb5Ym', 'oyouhill7e@jigsy.com', 'Olva Youhill', '2019-01-21 21:01:24');
insert into utilizador (id, username, password, email, nome, registration_date) values (268, 'rbreton7f', 'kpE0G2', 'rbreton7f@engadget.com', 'Royall Breton', '2019-05-23 17:59:18');
insert into utilizador (id, username, password, email, nome, registration_date) values (269, 'ntokell7g', 'CsvZX0aT4NW', 'ntokell7g@so-net.ne.jp', 'Noreen Tokell', '2018-08-08 00:01:20');
insert into utilizador (id, username, password, email, nome, registration_date) values (270, 'hkesley7h', 'wnnAUB7E', 'hkesley7h@bbb.org', 'Hallsy Kesley', '2018-08-01 21:18:43');
insert into utilizador (id, username, password, email, nome, registration_date) values (271, 'dretallick7i', 'yQkirOHnCvp', 'dretallick7i@cisco.com', 'Darrick Retallick', '2019-05-22 00:32:08');
insert into utilizador (id, username, password, email, nome, registration_date) values (272, 'lnewick7j', 'AFXidg', 'lnewick7j@stanford.edu', 'Leonie Newick', '2019-02-01 07:45:55');
insert into utilizador (id, username, password, email, nome, registration_date) values (273, 'rjumeau7k', 'v9LgWNk', 'rjumeau7k@about.me', 'Riordan Jumeau', '2019-02-15 14:21:45');
insert into utilizador (id, username, password, email, nome, registration_date) values (274, 'ispradbrow7l', '9scN0jyaw', 'ispradbrow7l@163.com', 'Inglebert Spradbrow', '2019-01-10 12:32:02');
insert into utilizador (id, username, password, email, nome, registration_date) values (275, 'dcolls7m', 'rsi5wW', 'dcolls7m@bandcamp.com', 'Danyette Colls', '2018-08-21 13:20:40');
insert into utilizador (id, username, password, email, nome, registration_date) values (276, 'nwasielewicz7n', 'Lm93Zu2hp', 'nwasielewicz7n@google.ru', 'Noelle Wasielewicz', '2019-06-19 12:44:27');
insert into utilizador (id, username, password, email, nome, registration_date) values (277, 'bperel7o', 'dSQyjWjNIT', 'bperel7o@vistaprint.com', 'Babbie Perel', '2019-05-25 16:52:41');
insert into utilizador (id, username, password, email, nome, registration_date) values (278, 'jmoppett7p', 'HUZGvcMKBc', 'jmoppett7p@wikispaces.com', 'Jessika Moppett', '2018-11-08 05:41:51');
insert into utilizador (id, username, password, email, nome, registration_date) values (279, 'cdallmann7q', 'fTgPgsCk6jB', 'cdallmann7q@oaic.gov.au', 'Carry Dallmann', '2018-08-30 18:47:22');
insert into utilizador (id, username, password, email, nome, registration_date) values (280, 'gbithell7r', 'SO5nALzM3', 'gbithell7r@is.gd', 'Gerti Bithell', '2018-08-23 04:21:18');
insert into utilizador (id, username, password, email, nome, registration_date) values (281, 'psousa7s', 'BIgZa0eHZzOr', 'psousa7s@businessweek.com', 'Phil Sousa', '2019-03-14 11:01:21');
insert into utilizador (id, username, password, email, nome, registration_date) values (282, 'oreeve7t', 'MB6Pe9PbD', 'oreeve7t@accuweather.com', 'Ola Reeve', '2019-02-22 21:46:33');
insert into utilizador (id, username, password, email, nome, registration_date) values (283, 'hdraycott7u', 'YoeevQ', 'hdraycott7u@microsoft.com', 'Hagan Draycott', '2018-08-23 08:33:13');
insert into utilizador (id, username, password, email, nome, registration_date) values (284, 'nsimonett7v', 'NKcdPe', 'nsimonett7v@flavors.me', 'Nikki Simonett', '2018-11-24 20:16:21');
insert into utilizador (id, username, password, email, nome, registration_date) values (285, 'acuthill7w', 'TSVu2ypYpek', 'acuthill7w@dedecms.com', 'Annie Cuthill', '2019-04-02 13:25:25');
insert into utilizador (id, username, password, email, nome, registration_date) values (286, 'mmcduffy7x', 'gWrVWsKkMKNE', 'mmcduffy7x@ft.com', 'Montague McDuffy', '2019-02-11 17:10:49');
insert into utilizador (id, username, password, email, nome, registration_date) values (287, 'dward7y', 'jtmVsk0OH7V', 'dward7y@deviantart.com', 'Dorrie Ward', '2018-08-03 21:05:45');
insert into utilizador (id, username, password, email, nome, registration_date) values (288, 'ngravell7z', 'KFZK3bf', 'ngravell7z@booking.com', 'Noble Gravell', '2018-09-10 14:32:04');
insert into utilizador (id, username, password, email, nome, registration_date) values (289, 'kmcquorkell80', '26Q7X1zgUz', 'kmcquorkell80@fema.gov', 'Kip McQuorkell', '2018-09-04 11:36:43');
insert into utilizador (id, username, password, email, nome, registration_date) values (290, 'mbrettoner81', 'zNmUIPC5o', 'mbrettoner81@fda.gov', 'Mae Brettoner', '2019-02-15 12:14:04');
insert into utilizador (id, username, password, email, nome, registration_date) values (291, 'djosephoff82', 'xJNkHNAhPp', 'djosephoff82@rambler.ru', 'Donnell Josephoff', '2019-05-01 19:36:04');
insert into utilizador (id, username, password, email, nome, registration_date) values (292, 'sbolens83', 'jnhoXczWng', 'sbolens83@paginegialle.it', 'Sande Bolens', '2019-04-18 16:50:18');
insert into utilizador (id, username, password, email, nome, registration_date) values (293, 'mmix84', '5199kh3v', 'mmix84@ow.ly', 'Maurits Mix', '2018-11-30 16:03:19');
insert into utilizador (id, username, password, email, nome, registration_date) values (294, 'tcranny85', 'D43jcjqsTWzc', 'tcranny85@yellowpages.com', 'Torie Cranny', '2018-09-11 23:26:34');
insert into utilizador (id, username, password, email, nome, registration_date) values (295, 'aghidotti86', 'RJLcnvrRxzG', 'aghidotti86@1und1.de', 'Albrecht Ghidotti', '2018-07-31 19:29:14');
insert into utilizador (id, username, password, email, nome, registration_date) values (296, 'mmozzetti87', 'uV1azi', 'mmozzetti87@huffingtonpost.com', 'Marrissa Mozzetti', '2018-10-01 09:33:46');
insert into utilizador (id, username, password, email, nome, registration_date) values (297, 'dtaaffe88', 'EsDtudA', 'dtaaffe88@facebook.com', 'Delcine Taaffe', '2019-02-14 01:24:21');
insert into utilizador (id, username, password, email, nome, registration_date) values (298, 'lredborn89', 'qU7ir3OrOT', 'lredborn89@ameblo.jp', 'Lexis Redborn', '2018-08-13 22:50:23');
insert into utilizador (id, username, password, email, nome, registration_date) values (299, 'aarmes8a', 'WXbatPmje', 'aarmes8a@creativecommons.org', 'Adelaide Armes', '2018-12-14 18:26:03');
insert into utilizador (id, username, password, email, nome, registration_date) values (300, 'ceyam8b', 'wStrLJLKx', 'ceyam8b@ca.gov', 'Cordula Eyam', '2018-07-08 09:55:31');

-- UtilizadorCPDR

insert into utilizadorcpdr (id, username, password, email, nome, registration_date) values (1001, 'respA', 'respA', 'abacchus0@w3.org', 'Responsvel A', '2019-02-18 12:30:04');
insert into utilizadorcpdr (id, username, password, email, nome, registration_date) values (1002, 'respB', 'respB', 'wgoodwell1@dailymail.co.uk', 'Responsvel B', '2019-05-10 14:25:04');
insert into utilizadorcpdr (id, username, password, email, nome, registration_date) values (1003, 'respC', 'respC', 'jabby2@icq.com', 'Responsvel C', '2019-04-20 10:38:18');
insert into utilizadorcpdr (id, username, password, email, nome, registration_date) values (1004, 'respD', 'respD', 'lkingwell3@businesswire.com', 'Responsvel D', '2019-03-15 19:59:08');
insert into utilizadorcpdr (id, username, password, email, nome, registration_date) values (1005, 'respE', 'respE', 'ghazzard4@reference.com', 'Responsvel E', '2018-08-31 04:11:42');
insert into utilizadorcpdr (id, username, password, email, nome, registration_date) values (1006, 'respF', 'respF', 'heliasen5@blogs.com', 'Responsvel F', '2018-11-06 07:30:29');
insert into utilizadorcpdr (id, username, password, email, nome, registration_date) values (1007, 'respG', 'respG', 'kdumphry6@vistaprint.com', 'Responsvel G', '2019-01-19 05:01:56');
insert into utilizadorcpdr (id, username, password, email, nome, registration_date) values (1008, 'respH', 'respH', 'jlinsay7@reuters.com', 'Responsvel H', '2018-09-27 10:42:48');


-- Espaco

insert into espaco (id, designacao, horario_id, espacocomum_id) values (1, 'DI 0.09', 1, 1);
insert into espaco (id, designacao, horario_id, espacocomum_id) values (2, 'DI 0.11', 2, 1);
insert into espaco (id, designacao, horario_id, espacocomum_id) values (3, 'DI 1.09', 3, 2);
insert into espaco (id, designacao, horario_id, espacocomum_id) values (4, 'DI 1.10', 4, 2);
insert into espaco (id, designacao, horario_id, espacocomum_id) values (5, 'DI 0.07', 5, 1);
insert into espaco (id, designacao, horario_id, espacocomum_id) values (6, 'DI 0.12', 6, 1);
insert into espaco (id, designacao, horario_id, espacocomum_id) values (7, 'DI 0.07', 7, 1);

-- Horario

insert into horario (id) values (1);
insert into horario (id) values (2);
insert into horario (id) values (3);
insert into horario (id) values (4);
insert into horario (id) values (5);
insert into horario (id) values (6);
insert into horario (id) values (7);

-- EspacoComum

insert into espaco_comum (id, descricao, gestorespacos_id) values (1, 'Piso 0 do DI', 2);
insert into espaco_comum (id, descricao, gestorespacos_id) values (2, 'Piso 1 do DI', 2);

-- Evento
-- update evento set horario_id = espaco_id where horario_id is null;

insert into evento (id, nome, descricao, periodicidade, date_time_inicial, date_time_final, limite, espaco_id, utilizador_responsavel_id, horario_id) values (1, 'Scripting no Processamento de Linguagem Natural', 'Curabitur in libero ut massa volutpat convallis. Morbi odio odio, elementum eu, interdum eu, tincidunt in, leo. Maecenas pulvinar lobortis est.', 7, '2018-09-03 09:00:00', '2018-09-03 12:00:00', '2019-07-15 23:59:59', 1, 1, 1);
insert into evento (id, nome, descricao, periodicidade, date_time_inicial, date_time_final, limite, espaco_id, utilizador_responsavel_id, horario_id) values (2, 'Tolerncia a Faltas', 'Cras non velit nec nisi vulputate nonummy. Maecenas tincidunt lacus at velit. Vivamus vel nulla eget eros elementum pellentesque.', 7, '2018-09-03 09:00:00', '2018-09-03 12:00:00', '2019-07-15 23:59:59', 2, 2, 2);
insert into evento (id, nome, descricao, periodicidade, date_time_inicial, date_time_final, limite, espaco_id, utilizador_responsavel_id, horario_id) values (3, 'Computao Natural', 'Aliquam quis turpis eget elit sodales scelerisque. Mauris sit amet eros. Suspendisse accumsan tortor quis turpis.', 7, '2018-09-03 09:00:00', '2018-09-03 12:00:00', '2019-07-15 23:59:59', 3, 3, 3);
insert into evento (id, nome, descricao, periodicidade, date_time_inicial, date_time_final, limite, espaco_id, utilizador_responsavel_id, horario_id) values (4, 'Estruturas Criptogrficas', 'Duis consequat dui nec nisi volutpat eleifend. Donec ut dolor. Morbi vel lectus in quam fringilla rhoncus.', 7, '2018-09-03 09:00:00', '2018-09-03 12:00:00', '2019-07-15 23:59:59', 4, 4, 4);
insert into evento (id, nome, descricao, periodicidade, date_time_inicial, date_time_final, limite, espaco_id, utilizador_responsavel_id, horario_id) values (5, 'Sistemas Autnomos', 'Quisque porta volutpat erat. Quisque erat eros, viverra eget, congue eget, semper rutrum, nulla. Nunc purus.', 7, '2018-09-03 14:00:00', '2018-09-03 17:00:00', '2019-07-15 23:59:59', 1, 1, 1);
insert into evento (id, nome, descricao, periodicidade, date_time_inicial, date_time_final, limite, espaco_id, utilizador_responsavel_id, horario_id) values (6, 'Sistemas Distribudos de Larga Escala', 'Proin eu mi. Nulla ac enim. In tempor, turpis nec euismod scelerisque, quam turpis adipiscing lorem, vitae mattis nibh ligula nec sem.', 7, '2018-09-03 14:00:00', '2018-09-03 17:00:00', '2019-07-15 23:59:59', 5, 3, 5);
insert into evento (id, nome, descricao, periodicidade, date_time_inicial, date_time_final, limite, espaco_id, utilizador_responsavel_id, horario_id) values (7, 'Engenharia de Segurana', 'Pellentesque at nulla. Suspendisse potenti. Cras in purus eu magna vulputate luctus.', 7, '2018-09-03 14:00:00', '2018-09-03 17:00:00', '2019-07-15 23:59:59', 2, 1, 2);
insert into evento (id, nome, descricao, periodicidade, date_time_inicial, date_time_final, limite, espaco_id, utilizador_responsavel_id, horario_id) values (8, 'Processamento e Representao do Conhecimento', 'Nullam sit amet turpis elementum ligula vehicula consequat. Morbi a ipsum. Integer a nibh.', 7, '2018-09-03 14:00:00', '2018-09-03 17:00:00', '2019-07-15 23:59:59', 3, 6, 3);
insert into evento (id, nome, descricao, periodicidade, date_time_inicial, date_time_final, limite, espaco_id, utilizador_responsavel_id, horario_id) values (9, 'Arquiteturas Aplicacionais', 'Vestibulum ac est lacinia nisi venenatis tristique. Fusce congue, diam id ornare imperdiet, sapien urna pretium nisl, ut volutpat sapien arcu sed augue. Aliquam erat volutpat.', 7, '2018-09-04 09:00:00', '2018-09-04 12:00:00', '2019-07-16 23:59:59', 7, 2, 7);
insert into evento (id, nome, descricao, periodicidade, date_time_inicial, date_time_final, limite, espaco_id, utilizador_responsavel_id, horario_id) values (10, 'Algoritmos Paralelos', 'Quisque porta volutpat erat. Quisque erat eros, viverra eget, congue eget, semper rutrum, nulla. Nunc purus.', 7, '2018-09-04 09:00:00', '2018-09-04 12:00:00', '2019-07-16 23:59:59', 1, 3, 1);
insert into evento (id, nome, descricao, periodicidade, date_time_inicial, date_time_final, limite, espaco_id, utilizador_responsavel_id, horario_id) values (11, 'Sistemas Interativos', 'Donec diam neque, vestibulum eget, vulputate ut, ultrices vel, augue. Vestibulum ante ipsum primis in faucibus orci luctus et ultrices posuere cubilia Curae; Donec pharetra, magna vestibulum aliquet ultrices, erat tortor sollicitudin mi, sit amet lobortis sapien sapien non mi. Integer ac neque.', 7, '2018-09-04 09:00:00', '2018-09-04 12:00:00', '2019-07-16 23:59:59', 2, 8, 2);
insert into evento (id, nome, descricao, periodicidade, date_time_inicial, date_time_final, limite, espaco_id, utilizador_responsavel_id, horario_id) values (12, 'Engenharia de Sistemas de Computao', 'Integer ac leo. Pellentesque ultrices mattis odio. Donec vitae nisi.', 7, '2018-09-04 09:00:00', '2018-09-04 12:00:00', '2019-07-16 23:59:59', 3, 1, 3);
insert into evento (id, nome, descricao, periodicidade, date_time_inicial, date_time_final, limite, espaco_id, utilizador_responsavel_id, horario_id) values (13, 'Qualidade de Servio na Internet', 'Aenean lectus. Pellentesque eget nunc. Donec quis orci eget orci vehicula condimentum.', 7, '2018-09-06 09:00:00', '2018-09-06 12:00:00', '2019-07-18 23:59:59', 1, 1, 1);
insert into evento (id, nome, descricao, periodicidade, date_time_inicial, date_time_final, limite, espaco_id, utilizador_responsavel_id, horario_id) values (14, 'Tecnologias e Aplicaes', 'Duis consequat dui nec nisi volutpat eleifend. Donec ut dolor. Morbi vel lectus in quam fringilla rhoncus.', 7, '2018-09-06 09:00:00', '2018-09-06 12:00:00', '2019-07-18 23:59:59', 2, 3, 2);
insert into evento (id, nome, descricao, periodicidade, date_time_inicial, date_time_final, limite, espaco_id, utilizador_responsavel_id, horario_id) values (15, 'Otimizao em Machine Learning', 'In quis justo. Maecenas rhoncus aliquam lacus. Morbi quis tortor id nulla ultrices aliquet.', 7, '2018-09-06 09:00:00', '2018-09-06 12:00:00', '2019-07-18 23:59:59', 5, 4, 5);
insert into evento (id, nome, descricao, periodicidade, date_time_inicial, date_time_final, limite, espaco_id, utilizador_responsavel_id, horario_id) values (16, 'Arquitetura e Clculo', 'Proin eu mi. Nulla ac enim. In tempor, turpis nec euismod scelerisque, quam turpis adipiscing lorem, vitae mattis nibh ligula nec sem.', 7, '2018-09-06 09:00:00', '2018-09-06 12:00:00', '2019-07-18 23:59:59', 4, 2, 4);
insert into evento (id, nome, descricao, periodicidade, date_time_inicial, date_time_final, limite, espaco_id, utilizador_responsavel_id, horario_id) values (17, 'Gesto de Processo de Software', 'Etiam vel augue. Vestibulum rutrum rutrum neque. Aenean auctor gravida sem.', 7, '2018-09-06 09:00:00', '2018-09-06 12:00:00', '2019-07-18 23:59:59', 3, 3, 3);
insert into evento (id, nome, descricao, periodicidade, date_time_inicial, date_time_final, limite, espaco_id, utilizador_responsavel_id, horario_id) values (18, 'Verificao Formal', 'Integer tincidunt ante vel ipsum. Praesent blandit lacinia erat. Vestibulum sed magna at nunc commodo placerat.', 7, '2018-09-06 14:00:00', '2018-09-06 17:00:00', '2019-07-18 23:59:59', 1, 6, 1);
insert into evento (id, nome, descricao, periodicidade, date_time_inicial, date_time_final, limite, espaco_id, utilizador_responsavel_id, horario_id) values (19, 'Visualizao e Iluminao 2', 'Curabitur in libero ut massa volutpat convallis. Morbi odio odio, elementum eu, interdum eu, tincidunt in, leo. Maecenas pulvinar lobortis est.', 7, '2018-09-06 14:00:00', '2018-09-06 17:00:00', '2019-07-18 23:59:59', 2, 5, 2);
insert into evento (id, nome, descricao, periodicidade, date_time_inicial, date_time_final, limite, espaco_id, utilizador_responsavel_id, horario_id) values (20, 'Engenharia Web', 'Phasellus sit amet erat. Nulla tempus. Vivamus in felis eu sapien cursus vestibulum.', 7, '2018-09-06 14:00:00', '2018-09-06 17:00:00', '2019-07-18 23:59:59', 3, 4, 3);
insert into evento (id, nome, descricao, periodicidade, date_time_inicial, date_time_final, limite, espaco_id, utilizador_responsavel_id, horario_id) values (21, 'Aplicaes Multimdia e biquas', 'In quis justo. Maecenas rhoncus aliquam lacus. Morbi quis tortor id nulla ultrices aliquet.', 7, '2018-09-06 14:00:00', '2018-09-06 17:00:00', '2019-07-18 23:59:59', 4, 3, 4);
insert into evento (id, nome, descricao, periodicidade, date_time_inicial, date_time_final, limite, espaco_id, utilizador_responsavel_id, horario_id) values (22, 'Classificadores e Sistemas Conexionistas', 'Duis bibendum. Morbi non quam nec dui luctus rutrum. Nulla tellus.', 7, '2018-09-06 14:00:00', '2018-09-06 17:00:00', '2019-07-18 23:59:59', 5, 2, 5);
insert into evento (id, nome, descricao, periodicidade, date_time_inicial, date_time_final, limite, espaco_id, utilizador_responsavel_id, horario_id) values (23, 'Virtualizao de Redes', 'Etiam vel augue. Vestibulum rutrum rutrum neque. Aenean auctor gravida sem.', 7, '2018-09-07 9:00:00', '2018-09-07 12:00:00', '2019-07-19 23:59:59', 1, 2, 1);
insert into evento (id, nome, descricao, periodicidade, date_time_inicial, date_time_final, limite, espaco_id, utilizador_responsavel_id, horario_id) values (24, 'Interoperabilidade Semntica', 'Nulla ut erat id mauris vulputate elementum. Nullam varius. Nulla facilisi.', 7, '2018-09-07 9:00:00', '2018-09-07 12:00:00', '2019-07-19 23:59:59', 2, 3, 2);
insert into evento (id, nome, descricao, periodicidade, date_time_inicial, date_time_final, limite, espaco_id, utilizador_responsavel_id, horario_id) values (25, 'Aprendizagem Automtica 2', 'Duis aliquam convallis nunc. Proin at turpis a pede posuere nonummy. Integer non velit.', 7, '2018-09-07 9:00:00', '2018-09-07 12:00:00', '2019-07-19 23:59:59', 3, 4, 3);
insert into evento (id, nome, descricao, periodicidade, date_time_inicial, date_time_final, limite, espaco_id, utilizador_responsavel_id, horario_id) values (26, 'Gesto de Grandes Conjuntos de Dados', 'Duis aliquam convallis nunc. Proin at turpis a pede posuere nonummy. Integer non velit.', 7, '2018-09-07 14:00:00', '2018-09-07 17:00:00', '2019-07-19 23:59:59', 4, 2, 4);
insert into evento (id, nome, descricao, periodicidade, date_time_inicial, date_time_final, limite, espaco_id, utilizador_responsavel_id, horario_id) values (27, 'Descoberta do Conhecimento', 'Integer tincidunt ante vel ipsum. Praesent blandit lacinia erat. Vestibulum sed magna at nunc commodo placerat.', 7, '2018-09-07 14:00:00', '2018-09-07 17:00:00', '2019-07-19 23:59:59', 3, 3, 3);
insert into evento (id, nome, descricao, periodicidade, date_time_inicial, date_time_final, limite, espaco_id, utilizador_responsavel_id, horario_id) values (28, 'Arquiteturas Emergentes de Rede', 'Integer tincidunt ante vel ipsum. Praesent blandit lacinia erat. Vestibulum sed magna at nunc commodo placerat.', 7, '2018-09-07 14:00:00', '2018-09-07 17:00:00', '2019-07-19 23:59:59', 1, 1, 1);

-- Pedido
insert into pedido (id, tipo_pedido, atendido, aceite, date_time_inicial, date_time_final, limite, periodicidade, nome, descricao, esp_id, evento_id, utilizadorcpdr_id) values (1, 'A', false, false, '2020-04-24 10:30:00', '2020-04-24 13:40:19', '2019-01-22 10:16:44', 0, 'PedidoA1', 'Sed ante. Vivamus tortor. Duis mattis egestas metus.', 1, NULL, 1003);
insert into pedido (id, tipo_pedido, atendido, aceite, date_time_inicial, date_time_final, limite, periodicidade, nome, descricao, esp_id, evento_id, utilizadorcpdr_id) values (2, 'A', true, false, '2020-04-24 22:20:02', '2020-04-24 23:40:19', '2019-01-22 10:16:44', 0, 'PedidoA2', 'Sed ante. Vivamus tortor. Duis mattis egestas metus.', 1, NULL, 1003);
insert into pedido (id, tipo_pedido, atendido, aceite, date_time_inicial, date_time_final, limite, periodicidade, nome, descricao, esp_id, evento_id, utilizadorcpdr_id) values (3, 'U', false, false, '2019-07-03 10:20:00', '2019-07-03 12:20:00', '2019-07-03 23:59:59', 0, 'PedidoU1', 'Sed antesdgfdgsfdgs mattis egestas metufdsgsdfgsd.', 2, 1, 1004);	


-- Notificao

insert into notificacao (id, justificacao, momento) values (1, 'Proin leo odio, porttitor id, consequat in, consequat ut, nulla. Sed accumsan felis. Ut at dolor quis odio consequat varius.', '2019-03-21 02:19:12');
insert into notificacao (id, justificacao, momento) values (2, 'Vestibulum quam sapien, varius ut, blandit non, interdum in, ante. Vestibulum ante ipsum primis in faucibus orci luctus et ultrices posuere cubilia Curae; Duis faucibus accumsan odio. Curabitur convallis.', '2018-08-18 18:51:31');
insert into notificacao (id, justificacao, momento) values (3, 'Duis bibendum, felis sed interdum venenatis, turpis enim blandit mi, in porttitor pede justo eu massa. Donec dapibus. Duis at velit eu est congue elementum.', '2019-02-19 15:32:19');
insert into notificacao (id, justificacao, momento) values (4, 'Cras non velit nec nisi vulputate nonummy. Maecenas tincidunt lacus at velit. Vivamus vel nulla eget eros elementum pellentesque.', '2019-04-02 23:22:15');
insert into notificacao (id, justificacao, momento) values (5, 'Mauris enim leo, rhoncus sed, vestibulum sit amet, cursus id, turpis. Integer aliquet, massa id lobortis convallis, tortor risus dapibus augue, vel accumsan tellus nisi eu orci. Mauris lacinia sapien quis libero.', '2019-01-08 00:39:07');
insert into notificacao (id, justificacao, momento) values (6, 'Morbi non lectus. Aliquam sit amet diam in magna bibendum imperdiet. Nullam orci pede, venenatis non, sodales sed, tincidunt eu, felis.', '2018-12-09 08:28:21');
insert into notificacao (id, justificacao, momento) values (7, 'In quis justo. Maecenas rhoncus aliquam lacus. Morbi quis tortor id nulla ultrices aliquet.', '2019-05-15 09:22:02');
insert into notificacao (id, justificacao, momento) values (8, 'Morbi non lectus. Aliquam sit amet diam in magna bibendum imperdiet. Nullam orci pede, venenatis non, sodales sed, tincidunt eu, felis.', '2018-07-22 13:06:16');
insert into notificacao (id, justificacao, momento) values (9, 'Maecenas ut massa quis augue luctus tincidunt. Nulla mollis molestie lorem. Quisque ut erat.', '2018-12-21 11:35:23');
insert into notificacao (id, justificacao, momento) values (10, 'Maecenas leo odio, condimentum id, luctus nec, molestie sed, justo. Pellentesque viverra pede ac diam. Cras pellentesque volutpat dui.', '2018-11-18 23:45:52');
insert into notificacao (id, justificacao, momento) values (11, 'Suspendisse potenti. In eleifend quam a odio. In hac habitasse platea dictumst.', '2019-01-06 10:33:40');
insert into notificacao (id, justificacao, momento) values (12, 'Duis bibendum, felis sed interdum venenatis, turpis enim blandit mi, in porttitor pede justo eu massa. Donec dapibus. Duis at velit eu est congue elementum.', '2019-02-03 23:12:57');
insert into notificacao (id, justificacao, momento) values (13, 'Fusce consequat. Nulla nisl. Nunc nisl.', '2019-05-31 08:29:01');
insert into notificacao (id, justificacao, momento) values (14, 'Praesent id massa id nisl venenatis lacinia. Aenean sit amet justo. Morbi ut odio.', '2018-12-08 07:33:23');
insert into notificacao (id, justificacao, momento) values (15, 'In congue. Etiam justo. Etiam pretium iaculis justo.', '2019-02-14 01:30:05');
insert into notificacao (id, justificacao, momento) values (16, 'Morbi non lectus. Aliquam sit amet diam in magna bibendum imperdiet. Nullam orci pede, venenatis non, sodales sed, tincidunt eu, felis.', '2019-04-23 15:45:54');
insert into notificacao (id, justificacao, momento) values (17, 'Proin eu mi. Nulla ac enim. In tempor, turpis nec euismod scelerisque, quam turpis adipiscing lorem, vitae mattis nibh ligula nec sem.', '2019-06-21 20:04:39');
insert into notificacao (id, justificacao, momento) values (18, 'Nullam porttitor lacus at turpis. Donec posuere metus vitae ipsum. Aliquam non mauris.', '2018-11-22 18:05:58');
insert into notificacao (id, justificacao, momento) values (19, 'Duis bibendum, felis sed interdum venenatis, turpis enim blandit mi, in porttitor pede justo eu massa. Donec dapibus. Duis at velit eu est congue elementum.', '2019-03-26 17:49:58');
insert into notificacao (id, justificacao, momento) values (20, 'Quisque id justo sit amet sapien dignissim vestibulum. Vestibulum ante ipsum primis in faucibus orci luctus et ultrices posuere cubilia Curae; Nulla dapibus dolor vel est. Donec odio justo, sollicitudin ut, suscipit a, feugiat et, eros.', '2019-01-18 01:27:23');
insert into notificacao (id, justificacao, momento) values (21, 'Curabitur at ipsum ac tellus semper interdum. Mauris ullamcorper purus sit amet nulla. Quisque arcu libero, rutrum ac, lobortis vel, dapibus at, diam.', '2019-01-30 17:51:05');
insert into notificacao (id, justificacao, momento) values (22, 'Fusce consequat. Nulla nisl. Nunc nisl.', '2018-12-27 17:45:33');
insert into notificacao (id, justificacao, momento) values (23, 'Etiam vel augue. Vestibulum rutrum rutrum neque. Aenean auctor gravida sem.', '2019-02-08 03:25:56');
insert into notificacao (id, justificacao, momento) values (24, 'Phasellus sit amet erat. Nulla tempus. Vivamus in felis eu sapien cursus vestibulum.', '2019-06-19 00:10:53');
insert into notificacao (id, justificacao, momento) values (25, 'In hac habitasse platea dictumst. Morbi vestibulum, velit id pretium iaculis, diam erat fermentum justo, nec condimentum neque sapien placerat ante. Nulla justo.', '2018-12-17 09:12:58');
insert into notificacao (id, justificacao, momento) values (26, 'Praesent id massa id nisl venenatis lacinia. Aenean sit amet justo. Morbi ut odio.', '2018-07-20 23:08:27');
insert into notificacao (id, justificacao, momento) values (27, 'Phasellus sit amet erat. Nulla tempus. Vivamus in felis eu sapien cursus vestibulum.', '2019-05-20 06:04:15');
insert into notificacao (id, justificacao, momento) values (28, 'Suspendisse potenti. In eleifend quam a odio. In hac habitasse platea dictumst.', '2019-05-03 23:31:41');
insert into notificacao (id, justificacao, momento) values (29, 'Sed sagittis. Nam congue, risus semper porta volutpat, quam pede lobortis ligula, sit amet eleifend pede libero quis orci. Nullam molestie nibh in lectus.', '2019-03-09 18:04:43');
insert into notificacao (id, justificacao, momento) values (30, 'Praesent id massa id nisl venenatis lacinia. Aenean sit amet justo. Morbi ut odio.', '2019-03-01 21:23:44');
insert into notificacao (id, justificacao, momento) values (31, 'Lorem ipsum dolor sit amet, consectetuer adipiscing elit. Proin risus. Praesent lectus.', '2018-11-17 10:58:04');
insert into notificacao (id, justificacao, momento) values (32, 'Cum sociis natoque penatibus et magnis dis parturient montes, nascetur ridiculus mus. Vivamus vestibulum sagittis sapien. Cum sociis natoque penatibus et magnis dis parturient montes, nascetur ridiculus mus.', '2018-08-19 01:51:49');
insert into notificacao (id, justificacao, momento) values (33, 'Fusce consequat. Nulla nisl. Nunc nisl.', '2018-12-24 03:13:48');
insert into notificacao (id, justificacao, momento) values (34, 'Donec diam neque, vestibulum eget, vulputate ut, ultrices vel, augue. Vestibulum ante ipsum primis in faucibus orci luctus et ultrices posuere cubilia Curae; Donec pharetra, magna vestibulum aliquet ultrices, erat tortor sollicitudin mi, sit amet lobortis sapien sapien non mi. Integer ac neque.', '2019-02-18 17:44:48');
insert into notificacao (id, justificacao, momento) values (35, 'Proin leo odio, porttitor id, consequat in, consequat ut, nulla. Sed accumsan felis. Ut at dolor quis odio consequat varius.', '2018-08-31 17:02:56');
insert into notificacao (id, justificacao, momento) values (36, 'Aenean fermentum. Donec ut mauris eget massa tempor convallis. Nulla neque libero, convallis eget, eleifend luctus, ultricies eu, nibh.', '2019-03-10 21:01:00');
insert into notificacao (id, justificacao, momento) values (37, 'Proin interdum mauris non ligula pellentesque ultrices. Phasellus id sapien in sapien iaculis congue. Vivamus metus arcu, adipiscing molestie, hendrerit at, vulputate vitae, nisl.', '2019-05-26 08:14:33');
insert into notificacao (id, justificacao, momento) values (38, 'Nullam porttitor lacus at turpis. Donec posuere metus vitae ipsum. Aliquam non mauris.', '2018-08-28 05:59:31');
insert into notificacao (id, justificacao, momento) values (39, 'Curabitur at ipsum ac tellus semper interdum. Mauris ullamcorper purus sit amet nulla. Quisque arcu libero, rutrum ac, lobortis vel, dapibus at, diam.', '2019-05-11 07:58:28');
insert into notificacao (id, justificacao, momento) values (40, 'Quisque id justo sit amet sapien dignissim vestibulum. Vestibulum ante ipsum primis in faucibus orci luctus et ultrices posuere cubilia Curae; Nulla dapibus dolor vel est. Donec odio justo, sollicitudin ut, suscipit a, feugiat et, eros.', '2019-06-01 17:25:36');

-- utilizador_eventosaseguir
insert into utilizador_eventosaseguir (seguidores_id, eventosaseguir_id) values (202, 18);
insert into utilizador_eventosaseguir (seguidores_id, eventosaseguir_id) values (271, 11);
insert into utilizador_eventosaseguir (seguidores_id, eventosaseguir_id) values (285, 5);
insert into utilizador_eventosaseguir (seguidores_id, eventosaseguir_id) values (17, 5);
insert into utilizador_eventosaseguir (seguidores_id, eventosaseguir_id) values (129, 25);
insert into utilizador_eventosaseguir (seguidores_id, eventosaseguir_id) values (95, 25);
insert into utilizador_eventosaseguir (seguidores_id, eventosaseguir_id) values (120, 16);
insert into utilizador_eventosaseguir (seguidores_id, eventosaseguir_id) values (78, 11);
insert into utilizador_eventosaseguir (seguidores_id, eventosaseguir_id) values (96, 5);
insert into utilizador_eventosaseguir (seguidores_id, eventosaseguir_id) values (5, 14);
insert into utilizador_eventosaseguir (seguidores_id, eventosaseguir_id) values (163, 14);
insert into utilizador_eventosaseguir (seguidores_id, eventosaseguir_id) values (55, 28);
insert into utilizador_eventosaseguir (seguidores_id, eventosaseguir_id) values (153, 25);
insert into utilizador_eventosaseguir (seguidores_id, eventosaseguir_id) values (233, 6);
insert into utilizador_eventosaseguir (seguidores_id, eventosaseguir_id) values (71, 22);
insert into utilizador_eventosaseguir (seguidores_id, eventosaseguir_id) values (59, 5);
insert into utilizador_eventosaseguir (seguidores_id, eventosaseguir_id) values (121, 5);
insert into utilizador_eventosaseguir (seguidores_id, eventosaseguir_id) values (151, 18);
insert into utilizador_eventosaseguir (seguidores_id, eventosaseguir_id) values (194, 9);
insert into utilizador_eventosaseguir (seguidores_id, eventosaseguir_id) values (170, 15);
insert into utilizador_eventosaseguir (seguidores_id, eventosaseguir_id) values (146, 15);
insert into utilizador_eventosaseguir (seguidores_id, eventosaseguir_id) values (9, 25);
insert into utilizador_eventosaseguir (seguidores_id, eventosaseguir_id) values (277, 14);
insert into utilizador_eventosaseguir (seguidores_id, eventosaseguir_id) values (284, 8);
insert into utilizador_eventosaseguir (seguidores_id, eventosaseguir_id) values (239, 28);
insert into utilizador_eventosaseguir (seguidores_id, eventosaseguir_id) values (157, 20);
insert into utilizador_eventosaseguir (seguidores_id, eventosaseguir_id) values (288, 25);
insert into utilizador_eventosaseguir (seguidores_id, eventosaseguir_id) values (144, 15);
insert into utilizador_eventosaseguir (seguidores_id, eventosaseguir_id) values (223, 23);
insert into utilizador_eventosaseguir (seguidores_id, eventosaseguir_id) values (253, 26);
insert into utilizador_eventosaseguir (seguidores_id, eventosaseguir_id) values (249, 2);
insert into utilizador_eventosaseguir (seguidores_id, eventosaseguir_id) values (18, 23);
insert into utilizador_eventosaseguir (seguidores_id, eventosaseguir_id) values (97, 1);
insert into utilizador_eventosaseguir (seguidores_id, eventosaseguir_id) values (116, 4);
insert into utilizador_eventosaseguir (seguidores_id, eventosaseguir_id) values (133, 23);
insert into utilizador_eventosaseguir (seguidores_id, eventosaseguir_id) values (194, 2);
insert into utilizador_eventosaseguir (seguidores_id, eventosaseguir_id) values (168, 27);
insert into utilizador_eventosaseguir (seguidores_id, eventosaseguir_id) values (215, 10);
insert into utilizador_eventosaseguir (seguidores_id, eventosaseguir_id) values (36, 25);
insert into utilizador_eventosaseguir (seguidores_id, eventosaseguir_id) values (265, 23);
insert into utilizador_eventosaseguir (seguidores_id, eventosaseguir_id) values (293, 16);
insert into utilizador_eventosaseguir (seguidores_id, eventosaseguir_id) values (76, 14);
insert into utilizador_eventosaseguir (seguidores_id, eventosaseguir_id) values (124, 25);
insert into utilizador_eventosaseguir (seguidores_id, eventosaseguir_id) values (214, 19);
insert into utilizador_eventosaseguir (seguidores_id, eventosaseguir_id) values (143, 6);
insert into utilizador_eventosaseguir (seguidores_id, eventosaseguir_id) values (16, 6);
insert into utilizador_eventosaseguir (seguidores_id, eventosaseguir_id) values (209, 12);
insert into utilizador_eventosaseguir (seguidores_id, eventosaseguir_id) values (88, 20);
insert into utilizador_eventosaseguir (seguidores_id, eventosaseguir_id) values (251, 21);
insert into utilizador_eventosaseguir (seguidores_id, eventosaseguir_id) values (74, 20);
insert into utilizador_eventosaseguir (seguidores_id, eventosaseguir_id) values (293, 26);
insert into utilizador_eventosaseguir (seguidores_id, eventosaseguir_id) values (290, 24);
insert into utilizador_eventosaseguir (seguidores_id, eventosaseguir_id) values (137, 17);
insert into utilizador_eventosaseguir (seguidores_id, eventosaseguir_id) values (135, 21);
insert into utilizador_eventosaseguir (seguidores_id, eventosaseguir_id) values (280, 28);
insert into utilizador_eventosaseguir (seguidores_id, eventosaseguir_id) values (203, 4);
insert into utilizador_eventosaseguir (seguidores_id, eventosaseguir_id) values (192, 13);
insert into utilizador_eventosaseguir (seguidores_id, eventosaseguir_id) values (273, 8);
insert into utilizador_eventosaseguir (seguidores_id, eventosaseguir_id) values (184, 3);
insert into utilizador_eventosaseguir (seguidores_id, eventosaseguir_id) values (270, 14);
insert into utilizador_eventosaseguir (seguidores_id, eventosaseguir_id) values (204, 25);
insert into utilizador_eventosaseguir (seguidores_id, eventosaseguir_id) values (173, 11);
insert into utilizador_eventosaseguir (seguidores_id, eventosaseguir_id) values (70, 4);
insert into utilizador_eventosaseguir (seguidores_id, eventosaseguir_id) values (220, 19);
insert into utilizador_eventosaseguir (seguidores_id, eventosaseguir_id) values (32, 3);
insert into utilizador_eventosaseguir (seguidores_id, eventosaseguir_id) values (237, 7);
insert into utilizador_eventosaseguir (seguidores_id, eventosaseguir_id) values (128, 27);
insert into utilizador_eventosaseguir (seguidores_id, eventosaseguir_id) values (136, 2);
insert into utilizador_eventosaseguir (seguidores_id, eventosaseguir_id) values (140, 8);
insert into utilizador_eventosaseguir (seguidores_id, eventosaseguir_id) values (112, 4);
insert into utilizador_eventosaseguir (seguidores_id, eventosaseguir_id) values (250, 27);
insert into utilizador_eventosaseguir (seguidores_id, eventosaseguir_id) values (278, 28);
insert into utilizador_eventosaseguir (seguidores_id, eventosaseguir_id) values (53, 28);
insert into utilizador_eventosaseguir (seguidores_id, eventosaseguir_id) values (133, 28);
insert into utilizador_eventosaseguir (seguidores_id, eventosaseguir_id) values (251, 15);
insert into utilizador_eventosaseguir (seguidores_id, eventosaseguir_id) values (171, 8);
insert into utilizador_eventosaseguir (seguidores_id, eventosaseguir_id) values (34, 1);
insert into utilizador_eventosaseguir (seguidores_id, eventosaseguir_id) values (186, 12);
insert into utilizador_eventosaseguir (seguidores_id, eventosaseguir_id) values (118, 11);
insert into utilizador_eventosaseguir (seguidores_id, eventosaseguir_id) values (63, 11);
insert into utilizador_eventosaseguir (seguidores_id, eventosaseguir_id) values (256, 9);
insert into utilizador_eventosaseguir (seguidores_id, eventosaseguir_id) values (35, 4);
insert into utilizador_eventosaseguir (seguidores_id, eventosaseguir_id) values (178, 21);
insert into utilizador_eventosaseguir (seguidores_id, eventosaseguir_id) values (27, 27);
insert into utilizador_eventosaseguir (seguidores_id, eventosaseguir_id) values (129, 25);
insert into utilizador_eventosaseguir (seguidores_id, eventosaseguir_id) values (157, 13);
insert into utilizador_eventosaseguir (seguidores_id, eventosaseguir_id) values (256, 13);
insert into utilizador_eventosaseguir (seguidores_id, eventosaseguir_id) values (59, 11);
insert into utilizador_eventosaseguir (seguidores_id, eventosaseguir_id) values (122, 6);
insert into utilizador_eventosaseguir (seguidores_id, eventosaseguir_id) values (163, 27);
insert into utilizador_eventosaseguir (seguidores_id, eventosaseguir_id) values (157, 8);
insert into utilizador_eventosaseguir (seguidores_id, eventosaseguir_id) values (156, 3);
insert into utilizador_eventosaseguir (seguidores_id, eventosaseguir_id) values (203, 25);
insert into utilizador_eventosaseguir (seguidores_id, eventosaseguir_id) values (16, 20);
insert into utilizador_eventosaseguir (seguidores_id, eventosaseguir_id) values (29, 4);
insert into utilizador_eventosaseguir (seguidores_id, eventosaseguir_id) values (15, 7);
insert into utilizador_eventosaseguir (seguidores_id, eventosaseguir_id) values (140, 11);
insert into utilizador_eventosaseguir (seguidores_id, eventosaseguir_id) values (275, 10);
insert into utilizador_eventosaseguir (seguidores_id, eventosaseguir_id) values (131, 4);
insert into utilizador_eventosaseguir (seguidores_id, eventosaseguir_id) values (196, 5);
insert into utilizador_eventosaseguir (seguidores_id, eventosaseguir_id) values (159, 10);
insert into utilizador_eventosaseguir (seguidores_id, eventosaseguir_id) values (68, 15);
insert into utilizador_eventosaseguir (seguidores_id, eventosaseguir_id) values (134, 7);
insert into utilizador_eventosaseguir (seguidores_id, eventosaseguir_id) values (27, 3);
insert into utilizador_eventosaseguir (seguidores_id, eventosaseguir_id) values (240, 12);
insert into utilizador_eventosaseguir (seguidores_id, eventosaseguir_id) values (3, 12);
insert into utilizador_eventosaseguir (seguidores_id, eventosaseguir_id) values (97, 10);
insert into utilizador_eventosaseguir (seguidores_id, eventosaseguir_id) values (269, 6);
insert into utilizador_eventosaseguir (seguidores_id, eventosaseguir_id) values (71, 5);
insert into utilizador_eventosaseguir (seguidores_id, eventosaseguir_id) values (247, 10);
insert into utilizador_eventosaseguir (seguidores_id, eventosaseguir_id) values (67, 10);
insert into utilizador_eventosaseguir (seguidores_id, eventosaseguir_id) values (109, 15);
insert into utilizador_eventosaseguir (seguidores_id, eventosaseguir_id) values (116, 14);
insert into utilizador_eventosaseguir (seguidores_id, eventosaseguir_id) values (13, 17);
insert into utilizador_eventosaseguir (seguidores_id, eventosaseguir_id) values (250, 19);
insert into utilizador_eventosaseguir (seguidores_id, eventosaseguir_id) values (295, 25);
insert into utilizador_eventosaseguir (seguidores_id, eventosaseguir_id) values (148, 2);
insert into utilizador_eventosaseguir (seguidores_id, eventosaseguir_id) values (120, 14);
insert into utilizador_eventosaseguir (seguidores_id, eventosaseguir_id) values (46, 18);
insert into utilizador_eventosaseguir (seguidores_id, eventosaseguir_id) values (22, 27);
insert into utilizador_eventosaseguir (seguidores_id, eventosaseguir_id) values (275, 13);
insert into utilizador_eventosaseguir (seguidores_id, eventosaseguir_id) values (273, 4);
insert into utilizador_eventosaseguir (seguidores_id, eventosaseguir_id) values (185, 3);
insert into utilizador_eventosaseguir (seguidores_id, eventosaseguir_id) values (250, 15);
insert into utilizador_eventosaseguir (seguidores_id, eventosaseguir_id) values (130, 25);
insert into utilizador_eventosaseguir (seguidores_id, eventosaseguir_id) values (77, 4);
insert into utilizador_eventosaseguir (seguidores_id, eventosaseguir_id) values (79, 22);
insert into utilizador_eventosaseguir (seguidores_id, eventosaseguir_id) values (157, 16);
insert into utilizador_eventosaseguir (seguidores_id, eventosaseguir_id) values (84, 2);
insert into utilizador_eventosaseguir (seguidores_id, eventosaseguir_id) values (225, 11);
insert into utilizador_eventosaseguir (seguidores_id, eventosaseguir_id) values (42, 18);
insert into utilizador_eventosaseguir (seguidores_id, eventosaseguir_id) values (87, 3);
insert into utilizador_eventosaseguir (seguidores_id, eventosaseguir_id) values (57, 13);
insert into utilizador_eventosaseguir (seguidores_id, eventosaseguir_id) values (182, 19);
insert into utilizador_eventosaseguir (seguidores_id, eventosaseguir_id) values (79, 21);
insert into utilizador_eventosaseguir (seguidores_id, eventosaseguir_id) values (79, 7);
insert into utilizador_eventosaseguir (seguidores_id, eventosaseguir_id) values (270, 1);
insert into utilizador_eventosaseguir (seguidores_id, eventosaseguir_id) values (79, 26);
insert into utilizador_eventosaseguir (seguidores_id, eventosaseguir_id) values (121, 27);
insert into utilizador_eventosaseguir (seguidores_id, eventosaseguir_id) values (285, 28);
insert into utilizador_eventosaseguir (seguidores_id, eventosaseguir_id) values (128, 12);
insert into utilizador_eventosaseguir (seguidores_id, eventosaseguir_id) values (4, 26);
insert into utilizador_eventosaseguir (seguidores_id, eventosaseguir_id) values (232, 9);
insert into utilizador_eventosaseguir (seguidores_id, eventosaseguir_id) values (177, 19);
insert into utilizador_eventosaseguir (seguidores_id, eventosaseguir_id) values (183, 26);
insert into utilizador_eventosaseguir (seguidores_id, eventosaseguir_id) values (162, 18);
insert into utilizador_eventosaseguir (seguidores_id, eventosaseguir_id) values (46, 24);
insert into utilizador_eventosaseguir (seguidores_id, eventosaseguir_id) values (21, 1);
insert into utilizador_eventosaseguir (seguidores_id, eventosaseguir_id) values (15, 25);
insert into utilizador_eventosaseguir (seguidores_id, eventosaseguir_id) values (79, 21);
insert into utilizador_eventosaseguir (seguidores_id, eventosaseguir_id) values (31, 16);
insert into utilizador_eventosaseguir (seguidores_id, eventosaseguir_id) values (217, 5);
insert into utilizador_eventosaseguir (seguidores_id, eventosaseguir_id) values (271, 2);
insert into utilizador_eventosaseguir (seguidores_id, eventosaseguir_id) values (254, 9);
insert into utilizador_eventosaseguir (seguidores_id, eventosaseguir_id) values (77, 4);
insert into utilizador_eventosaseguir (seguidores_id, eventosaseguir_id) values (167, 6);
insert into utilizador_eventosaseguir (seguidores_id, eventosaseguir_id) values (28, 19);
insert into utilizador_eventosaseguir (seguidores_id, eventosaseguir_id) values (99, 28);
insert into utilizador_eventosaseguir (seguidores_id, eventosaseguir_id) values (23, 25);
insert into utilizador_eventosaseguir (seguidores_id, eventosaseguir_id) values (178, 12);
insert into utilizador_eventosaseguir (seguidores_id, eventosaseguir_id) values (73, 11);
insert into utilizador_eventosaseguir (seguidores_id, eventosaseguir_id) values (114, 16);
insert into utilizador_eventosaseguir (seguidores_id, eventosaseguir_id) values (101, 24);
insert into utilizador_eventosaseguir (seguidores_id, eventosaseguir_id) values (165, 1);
insert into utilizador_eventosaseguir (seguidores_id, eventosaseguir_id) values (298, 10);
insert into utilizador_eventosaseguir (seguidores_id, eventosaseguir_id) values (253, 20);
insert into utilizador_eventosaseguir (seguidores_id, eventosaseguir_id) values (81, 23);
insert into utilizador_eventosaseguir (seguidores_id, eventosaseguir_id) values (122, 6);
insert into utilizador_eventosaseguir (seguidores_id, eventosaseguir_id) values (185, 21);
insert into utilizador_eventosaseguir (seguidores_id, eventosaseguir_id) values (114, 10);
insert into utilizador_eventosaseguir (seguidores_id, eventosaseguir_id) values (300, 2);
insert into utilizador_eventosaseguir (seguidores_id, eventosaseguir_id) values (14, 17);
insert into utilizador_eventosaseguir (seguidores_id, eventosaseguir_id) values (201, 12);
insert into utilizador_eventosaseguir (seguidores_id, eventosaseguir_id) values (7, 2);
insert into utilizador_eventosaseguir (seguidores_id, eventosaseguir_id) values (129, 14);
insert into utilizador_eventosaseguir (seguidores_id, eventosaseguir_id) values (209, 24);
insert into utilizador_eventosaseguir (seguidores_id, eventosaseguir_id) values (218, 15);
insert into utilizador_eventosaseguir (seguidores_id, eventosaseguir_id) values (72, 17);
insert into utilizador_eventosaseguir (seguidores_id, eventosaseguir_id) values (93, 3);
insert into utilizador_eventosaseguir (seguidores_id, eventosaseguir_id) values (58, 14);
insert into utilizador_eventosaseguir (seguidores_id, eventosaseguir_id) values (14, 19);
insert into utilizador_eventosaseguir (seguidores_id, eventosaseguir_id) values (99, 28);
insert into utilizador_eventosaseguir (seguidores_id, eventosaseguir_id) values (36, 27);
insert into utilizador_eventosaseguir (seguidores_id, eventosaseguir_id) values (275, 8);
insert into utilizador_eventosaseguir (seguidores_id, eventosaseguir_id) values (75, 7);
insert into utilizador_eventosaseguir (seguidores_id, eventosaseguir_id) values (27, 13);
insert into utilizador_eventosaseguir (seguidores_id, eventosaseguir_id) values (247, 9);
insert into utilizador_eventosaseguir (seguidores_id, eventosaseguir_id) values (269, 1);
insert into utilizador_eventosaseguir (seguidores_id, eventosaseguir_id) values (297, 25);
insert into utilizador_eventosaseguir (seguidores_id, eventosaseguir_id) values (16, 19);
insert into utilizador_eventosaseguir (seguidores_id, eventosaseguir_id) values (161, 22);
insert into utilizador_eventosaseguir (seguidores_id, eventosaseguir_id) values (180, 28);
insert into utilizador_eventosaseguir (seguidores_id, eventosaseguir_id) values (177, 16);
insert into utilizador_eventosaseguir (seguidores_id, eventosaseguir_id) values (141, 10);
insert into utilizador_eventosaseguir (seguidores_id, eventosaseguir_id) values (178, 25);
insert into utilizador_eventosaseguir (seguidores_id, eventosaseguir_id) values (204, 12);
insert into utilizador_eventosaseguir (seguidores_id, eventosaseguir_id) values (156, 26);
insert into utilizador_eventosaseguir (seguidores_id, eventosaseguir_id) values (90, 20);
insert into utilizador_eventosaseguir (seguidores_id, eventosaseguir_id) values (166, 15);
insert into utilizador_eventosaseguir (seguidores_id, eventosaseguir_id) values (188, 7);
insert into utilizador_eventosaseguir (seguidores_id, eventosaseguir_id) values (288, 8);
insert into utilizador_eventosaseguir (seguidores_id, eventosaseguir_id) values (300, 11);
insert into utilizador_eventosaseguir (seguidores_id, eventosaseguir_id) values (300, 18);
insert into utilizador_eventosaseguir (seguidores_id, eventosaseguir_id) values (271, 25);
insert into utilizador_eventosaseguir (seguidores_id, eventosaseguir_id) values (143, 5);
insert into utilizador_eventosaseguir (seguidores_id, eventosaseguir_id) values (114, 7);
insert into utilizador_eventosaseguir (seguidores_id, eventosaseguir_id) values (144, 18);
insert into utilizador_eventosaseguir (seguidores_id, eventosaseguir_id) values (283, 4);
insert into utilizador_eventosaseguir (seguidores_id, eventosaseguir_id) values (124, 26);
insert into utilizador_eventosaseguir (seguidores_id, eventosaseguir_id) values (107, 22);
insert into utilizador_eventosaseguir (seguidores_id, eventosaseguir_id) values (35, 12);
insert into utilizador_eventosaseguir (seguidores_id, eventosaseguir_id) values (46, 8);
insert into utilizador_eventosaseguir (seguidores_id, eventosaseguir_id) values (124, 3);
insert into utilizador_eventosaseguir (seguidores_id, eventosaseguir_id) values (21, 20);
insert into utilizador_eventosaseguir (seguidores_id, eventosaseguir_id) values (235, 19);
insert into utilizador_eventosaseguir (seguidores_id, eventosaseguir_id) values (13, 1);
insert into utilizador_eventosaseguir (seguidores_id, eventosaseguir_id) values (4, 22);
insert into utilizador_eventosaseguir (seguidores_id, eventosaseguir_id) values (288, 11);
insert into utilizador_eventosaseguir (seguidores_id, eventosaseguir_id) values (157, 11);
insert into utilizador_eventosaseguir (seguidores_id, eventosaseguir_id) values (211, 12);
insert into utilizador_eventosaseguir (seguidores_id, eventosaseguir_id) values (125, 11);
insert into utilizador_eventosaseguir (seguidores_id, eventosaseguir_id) values (37, 6);
insert into utilizador_eventosaseguir (seguidores_id, eventosaseguir_id) values (243, 6);
insert into utilizador_eventosaseguir (seguidores_id, eventosaseguir_id) values (101, 27);
insert into utilizador_eventosaseguir (seguidores_id, eventosaseguir_id) values (168, 23);
insert into utilizador_eventosaseguir (seguidores_id, eventosaseguir_id) values (83, 22);
insert into utilizador_eventosaseguir (seguidores_id, eventosaseguir_id) values (276, 19);
insert into utilizador_eventosaseguir (seguidores_id, eventosaseguir_id) values (20, 24);
insert into utilizador_eventosaseguir (seguidores_id, eventosaseguir_id) values (152, 7);
insert into utilizador_eventosaseguir (seguidores_id, eventosaseguir_id) values (170, 24);
insert into utilizador_eventosaseguir (seguidores_id, eventosaseguir_id) values (75, 19);
insert into utilizador_eventosaseguir (seguidores_id, eventosaseguir_id) values (11, 19);
insert into utilizador_eventosaseguir (seguidores_id, eventosaseguir_id) values (190, 21);
insert into utilizador_eventosaseguir (seguidores_id, eventosaseguir_id) values (45, 11);
insert into utilizador_eventosaseguir (seguidores_id, eventosaseguir_id) values (297, 25);
insert into utilizador_eventosaseguir (seguidores_id, eventosaseguir_id) values (114, 21);
insert into utilizador_eventosaseguir (seguidores_id, eventosaseguir_id) values (134, 25);
insert into utilizador_eventosaseguir (seguidores_id, eventosaseguir_id) values (18, 24);
insert into utilizador_eventosaseguir (seguidores_id, eventosaseguir_id) values (177, 19);
insert into utilizador_eventosaseguir (seguidores_id, eventosaseguir_id) values (67, 21);
insert into utilizador_eventosaseguir (seguidores_id, eventosaseguir_id) values (232, 12);
insert into utilizador_eventosaseguir (seguidores_id, eventosaseguir_id) values (126, 17);
insert into utilizador_eventosaseguir (seguidores_id, eventosaseguir_id) values (298, 23);
insert into utilizador_eventosaseguir (seguidores_id, eventosaseguir_id) values (127, 11);
insert into utilizador_eventosaseguir (seguidores_id, eventosaseguir_id) values (90, 8);
insert into utilizador_eventosaseguir (seguidores_id, eventosaseguir_id) values (300, 15);
insert into utilizador_eventosaseguir (seguidores_id, eventosaseguir_id) values (118, 20);
insert into utilizador_eventosaseguir (seguidores_id, eventosaseguir_id) values (48, 26);
insert into utilizador_eventosaseguir (seguidores_id, eventosaseguir_id) values (175, 13);
insert into utilizador_eventosaseguir (seguidores_id, eventosaseguir_id) values (286, 8);
insert into utilizador_eventosaseguir (seguidores_id, eventosaseguir_id) values (86, 27);
insert into utilizador_eventosaseguir (seguidores_id, eventosaseguir_id) values (87, 21);
insert into utilizador_eventosaseguir (seguidores_id, eventosaseguir_id) values (81, 16);
insert into utilizador_eventosaseguir (seguidores_id, eventosaseguir_id) values (234, 15);
insert into utilizador_eventosaseguir (seguidores_id, eventosaseguir_id) values (135, 28);
insert into utilizador_eventosaseguir (seguidores_id, eventosaseguir_id) values (103, 5);
insert into utilizador_eventosaseguir (seguidores_id, eventosaseguir_id) values (78, 11);
insert into utilizador_eventosaseguir (seguidores_id, eventosaseguir_id) values (168, 15);
insert into utilizador_eventosaseguir (seguidores_id, eventosaseguir_id) values (135, 28);
insert into utilizador_eventosaseguir (seguidores_id, eventosaseguir_id) values (55, 26);
insert into utilizador_eventosaseguir (seguidores_id, eventosaseguir_id) values (216, 7);
insert into utilizador_eventosaseguir (seguidores_id, eventosaseguir_id) values (292, 11);
insert into utilizador_eventosaseguir (seguidores_id, eventosaseguir_id) values (199, 5);
insert into utilizador_eventosaseguir (seguidores_id, eventosaseguir_id) values (200, 19);
insert into utilizador_eventosaseguir (seguidores_id, eventosaseguir_id) values (287, 26);
insert into utilizador_eventosaseguir (seguidores_id, eventosaseguir_id) values (28, 9);
insert into utilizador_eventosaseguir (seguidores_id, eventosaseguir_id) values (114, 9);
insert into utilizador_eventosaseguir (seguidores_id, eventosaseguir_id) values (253, 11);
insert into utilizador_eventosaseguir (seguidores_id, eventosaseguir_id) values (296, 22);
insert into utilizador_eventosaseguir (seguidores_id, eventosaseguir_id) values (265, 5);
insert into utilizador_eventosaseguir (seguidores_id, eventosaseguir_id) values (191, 22);
insert into utilizador_eventosaseguir (seguidores_id, eventosaseguir_id) values (204, 3);
insert into utilizador_eventosaseguir (seguidores_id, eventosaseguir_id) values (276, 26);
insert into utilizador_eventosaseguir (seguidores_id, eventosaseguir_id) values (165, 2);
insert into utilizador_eventosaseguir (seguidores_id, eventosaseguir_id) values (176, 9);
insert into utilizador_eventosaseguir (seguidores_id, eventosaseguir_id) values (209, 17);
insert into utilizador_eventosaseguir (seguidores_id, eventosaseguir_id) values (150, 9);
insert into utilizador_eventosaseguir (seguidores_id, eventosaseguir_id) values (22, 5);
insert into utilizador_eventosaseguir (seguidores_id, eventosaseguir_id) values (247, 27);
insert into utilizador_eventosaseguir (seguidores_id, eventosaseguir_id) values (253, 3);
insert into utilizador_eventosaseguir (seguidores_id, eventosaseguir_id) values (101, 4);
insert into utilizador_eventosaseguir (seguidores_id, eventosaseguir_id) values (29, 26);
insert into utilizador_eventosaseguir (seguidores_id, eventosaseguir_id) values (283, 17);
insert into utilizador_eventosaseguir (seguidores_id, eventosaseguir_id) values (66, 11);
insert into utilizador_eventosaseguir (seguidores_id, eventosaseguir_id) values (182, 15);
insert into utilizador_eventosaseguir (seguidores_id, eventosaseguir_id) values (133, 16);
insert into utilizador_eventosaseguir (seguidores_id, eventosaseguir_id) values (155, 8);
insert into utilizador_eventosaseguir (seguidores_id, eventosaseguir_id) values (72, 9);
insert into utilizador_eventosaseguir (seguidores_id, eventosaseguir_id) values (36, 3);
insert into utilizador_eventosaseguir (seguidores_id, eventosaseguir_id) values (62, 14);
insert into utilizador_eventosaseguir (seguidores_id, eventosaseguir_id) values (192, 2);
insert into utilizador_eventosaseguir (seguidores_id, eventosaseguir_id) values (250, 4);
insert into utilizador_eventosaseguir (seguidores_id, eventosaseguir_id) values (100, 1);
insert into utilizador_eventosaseguir (seguidores_id, eventosaseguir_id) values (106, 9);
insert into utilizador_eventosaseguir (seguidores_id, eventosaseguir_id) values (285, 2);
insert into utilizador_eventosaseguir (seguidores_id, eventosaseguir_id) values (61, 16);
insert into utilizador_eventosaseguir (seguidores_id, eventosaseguir_id) values (194, 25);
insert into utilizador_eventosaseguir (seguidores_id, eventosaseguir_id) values (270, 15);
insert into utilizador_eventosaseguir (seguidores_id, eventosaseguir_id) values (126, 3);
insert into utilizador_eventosaseguir (seguidores_id, eventosaseguir_id) values (231, 14);
insert into utilizador_eventosaseguir (seguidores_id, eventosaseguir_id) values (190, 10);
insert into utilizador_eventosaseguir (seguidores_id, eventosaseguir_id) values (87, 14);
insert into utilizador_eventosaseguir (seguidores_id, eventosaseguir_id) values (180, 11);
insert into utilizador_eventosaseguir (seguidores_id, eventosaseguir_id) values (137, 2);
insert into utilizador_eventosaseguir (seguidores_id, eventosaseguir_id) values (193, 3);
insert into utilizador_eventosaseguir (seguidores_id, eventosaseguir_id) values (230, 27);
insert into utilizador_eventosaseguir (seguidores_id, eventosaseguir_id) values (119, 22);
insert into utilizador_eventosaseguir (seguidores_id, eventosaseguir_id) values (289, 6);
insert into utilizador_eventosaseguir (seguidores_id, eventosaseguir_id) values (243, 18);
insert into utilizador_eventosaseguir (seguidores_id, eventosaseguir_id) values (273, 28);
insert into utilizador_eventosaseguir (seguidores_id, eventosaseguir_id) values (99, 17);
insert into utilizador_eventosaseguir (seguidores_id, eventosaseguir_id) values (116, 16);
insert into utilizador_eventosaseguir (seguidores_id, eventosaseguir_id) values (194, 11);
insert into utilizador_eventosaseguir (seguidores_id, eventosaseguir_id) values (226, 2);
insert into utilizador_eventosaseguir (seguidores_id, eventosaseguir_id) values (42, 13);
insert into utilizador_eventosaseguir (seguidores_id, eventosaseguir_id) values (256, 1);
insert into utilizador_eventosaseguir (seguidores_id, eventosaseguir_id) values (110, 22);
insert into utilizador_eventosaseguir (seguidores_id, eventosaseguir_id) values (62, 5);
insert into utilizador_eventosaseguir (seguidores_id, eventosaseguir_id) values (266, 19);
insert into utilizador_eventosaseguir (seguidores_id, eventosaseguir_id) values (194, 16);
insert into utilizador_eventosaseguir (seguidores_id, eventosaseguir_id) values (100, 1);
insert into utilizador_eventosaseguir (seguidores_id, eventosaseguir_id) values (173, 12);
insert into utilizador_eventosaseguir (seguidores_id, eventosaseguir_id) values (157, 4);
insert into utilizador_eventosaseguir (seguidores_id, eventosaseguir_id) values (99, 23);
insert into utilizador_eventosaseguir (seguidores_id, eventosaseguir_id) values (152, 28);
insert into utilizador_eventosaseguir (seguidores_id, eventosaseguir_id) values (190, 23);
insert into utilizador_eventosaseguir (seguidores_id, eventosaseguir_id) values (184, 14);
insert into utilizador_eventosaseguir (seguidores_id, eventosaseguir_id) values (22, 16);
insert into utilizador_eventosaseguir (seguidores_id, eventosaseguir_id) values (58, 4);
insert into utilizador_eventosaseguir (seguidores_id, eventosaseguir_id) values (259, 18);
insert into utilizador_eventosaseguir (seguidores_id, eventosaseguir_id) values (221, 13);
insert into utilizador_eventosaseguir (seguidores_id, eventosaseguir_id) values (140, 16);
insert into utilizador_eventosaseguir (seguidores_id, eventosaseguir_id) values (30, 19);
insert into utilizador_eventosaseguir (seguidores_id, eventosaseguir_id) values (152, 9);
insert into utilizador_eventosaseguir (seguidores_id, eventosaseguir_id) values (174, 24);
insert into utilizador_eventosaseguir (seguidores_id, eventosaseguir_id) values (52, 20);
insert into utilizador_eventosaseguir (seguidores_id, eventosaseguir_id) values (81, 4);
insert into utilizador_eventosaseguir (seguidores_id, eventosaseguir_id) values (113, 21);
insert into utilizador_eventosaseguir (seguidores_id, eventosaseguir_id) values (62, 17);
insert into utilizador_eventosaseguir (seguidores_id, eventosaseguir_id) values (226, 19);
insert into utilizador_eventosaseguir (seguidores_id, eventosaseguir_id) values (246, 4);
insert into utilizador_eventosaseguir (seguidores_id, eventosaseguir_id) values (276, 9);
insert into utilizador_eventosaseguir (seguidores_id, eventosaseguir_id) values (116, 17);
insert into utilizador_eventosaseguir (seguidores_id, eventosaseguir_id) values (120, 8);
insert into utilizador_eventosaseguir (seguidores_id, eventosaseguir_id) values (254, 7);
insert into utilizador_eventosaseguir (seguidores_id, eventosaseguir_id) values (275, 3);
insert into utilizador_eventosaseguir (seguidores_id, eventosaseguir_id) values (248, 20);
insert into utilizador_eventosaseguir (seguidores_id, eventosaseguir_id) values (27, 22);
insert into utilizador_eventosaseguir (seguidores_id, eventosaseguir_id) values (99, 21);
insert into utilizador_eventosaseguir (seguidores_id, eventosaseguir_id) values (35, 13);
insert into utilizador_eventosaseguir (seguidores_id, eventosaseguir_id) values (35, 20);
insert into utilizador_eventosaseguir (seguidores_id, eventosaseguir_id) values (51, 3);
insert into utilizador_eventosaseguir (seguidores_id, eventosaseguir_id) values (51, 17);
insert into utilizador_eventosaseguir (seguidores_id, eventosaseguir_id) values (284, 23);
insert into utilizador_eventosaseguir (seguidores_id, eventosaseguir_id) values (234, 5);
insert into utilizador_eventosaseguir (seguidores_id, eventosaseguir_id) values (275, 28);
insert into utilizador_eventosaseguir (seguidores_id, eventosaseguir_id) values (278, 1);
insert into utilizador_eventosaseguir (seguidores_id, eventosaseguir_id) values (82, 21);
insert into utilizador_eventosaseguir (seguidores_id, eventosaseguir_id) values (81, 28);
insert into utilizador_eventosaseguir (seguidores_id, eventosaseguir_id) values (122, 19);
insert into utilizador_eventosaseguir (seguidores_id, eventosaseguir_id) values (275, 16);
insert into utilizador_eventosaseguir (seguidores_id, eventosaseguir_id) values (273, 19);
insert into utilizador_eventosaseguir (seguidores_id, eventosaseguir_id) values (27, 10);
insert into utilizador_eventosaseguir (seguidores_id, eventosaseguir_id) values (149, 28);
insert into utilizador_eventosaseguir (seguidores_id, eventosaseguir_id) values (189, 20);
insert into utilizador_eventosaseguir (seguidores_id, eventosaseguir_id) values (145, 28);
insert into utilizador_eventosaseguir (seguidores_id, eventosaseguir_id) values (185, 9);
insert into utilizador_eventosaseguir (seguidores_id, eventosaseguir_id) values (39, 22);
insert into utilizador_eventosaseguir (seguidores_id, eventosaseguir_id) values (101, 3);
insert into utilizador_eventosaseguir (seguidores_id, eventosaseguir_id) values (32, 19);
insert into utilizador_eventosaseguir (seguidores_id, eventosaseguir_id) values (164, 8);
insert into utilizador_eventosaseguir (seguidores_id, eventosaseguir_id) values (235, 15);
insert into utilizador_eventosaseguir (seguidores_id, eventosaseguir_id) values (98, 20);
insert into utilizador_eventosaseguir (seguidores_id, eventosaseguir_id) values (292, 23);
insert into utilizador_eventosaseguir (seguidores_id, eventosaseguir_id) values (262, 19);
insert into utilizador_eventosaseguir (seguidores_id, eventosaseguir_id) values (299, 27);
insert into utilizador_eventosaseguir (seguidores_id, eventosaseguir_id) values (245, 14);
insert into utilizador_eventosaseguir (seguidores_id, eventosaseguir_id) values (254, 18);
insert into utilizador_eventosaseguir (seguidores_id, eventosaseguir_id) values (259, 26);
insert into utilizador_eventosaseguir (seguidores_id, eventosaseguir_id) values (233, 11);
insert into utilizador_eventosaseguir (seguidores_id, eventosaseguir_id) values (71, 14);
insert into utilizador_eventosaseguir (seguidores_id, eventosaseguir_id) values (187, 16);
insert into utilizador_eventosaseguir (seguidores_id, eventosaseguir_id) values (95, 13);
insert into utilizador_eventosaseguir (seguidores_id, eventosaseguir_id) values (21, 19);
insert into utilizador_eventosaseguir (seguidores_id, eventosaseguir_id) values (118, 8);
insert into utilizador_eventosaseguir (seguidores_id, eventosaseguir_id) values (202, 4);
insert into utilizador_eventosaseguir (seguidores_id, eventosaseguir_id) values (207, 19);
insert into utilizador_eventosaseguir (seguidores_id, eventosaseguir_id) values (17, 16);
insert into utilizador_eventosaseguir (seguidores_id, eventosaseguir_id) values (211, 2);
insert into utilizador_eventosaseguir (seguidores_id, eventosaseguir_id) values (172, 17);
insert into utilizador_eventosaseguir (seguidores_id, eventosaseguir_id) values (14, 12);
insert into utilizador_eventosaseguir (seguidores_id, eventosaseguir_id) values (280, 17);
insert into utilizador_eventosaseguir (seguidores_id, eventosaseguir_id) values (9, 27);
insert into utilizador_eventosaseguir (seguidores_id, eventosaseguir_id) values (204, 19);
insert into utilizador_eventosaseguir (seguidores_id, eventosaseguir_id) values (55, 20);
insert into utilizador_eventosaseguir (seguidores_id, eventosaseguir_id) values (291, 8);
insert into utilizador_eventosaseguir (seguidores_id, eventosaseguir_id) values (262, 20);
insert into utilizador_eventosaseguir (seguidores_id, eventosaseguir_id) values (222, 21);
insert into utilizador_eventosaseguir (seguidores_id, eventosaseguir_id) values (189, 5);
insert into utilizador_eventosaseguir (seguidores_id, eventosaseguir_id) values (128, 6);


-- utilizador_notificacoes

insert into utilizador_notificacoes (utilizador_id, notificacoes_id) values (213, 20);
insert into utilizador_notificacoes (utilizador_id, notificacoes_id) values (294, 9);
insert into utilizador_notificacoes (utilizador_id, notificacoes_id) values (35, 35);
insert into utilizador_notificacoes (utilizador_id, notificacoes_id) values (48, 17);
insert into utilizador_notificacoes (utilizador_id, notificacoes_id) values (183, 30);
insert into utilizador_notificacoes (utilizador_id, notificacoes_id) values (71, 19);
insert into utilizador_notificacoes (utilizador_id, notificacoes_id) values (176, 21);
insert into utilizador_notificacoes (utilizador_id, notificacoes_id) values (244, 38);
insert into utilizador_notificacoes (utilizador_id, notificacoes_id) values (11, 20);
insert into utilizador_notificacoes (utilizador_id, notificacoes_id) values (46, 16);
insert into utilizador_notificacoes (utilizador_id, notificacoes_id) values (284, 18);
insert into utilizador_notificacoes (utilizador_id, notificacoes_id) values (248, 4);
insert into utilizador_notificacoes (utilizador_id, notificacoes_id) values (33, 10);
insert into utilizador_notificacoes (utilizador_id, notificacoes_id) values (94, 24);
insert into utilizador_notificacoes (utilizador_id, notificacoes_id) values (44, 17);
insert into utilizador_notificacoes (utilizador_id, notificacoes_id) values (63, 17);
insert into utilizador_notificacoes (utilizador_id, notificacoes_id) values (87, 11);
insert into utilizador_notificacoes (utilizador_id, notificacoes_id) values (76, 6);
insert into utilizador_notificacoes (utilizador_id, notificacoes_id) values (261, 15);
insert into utilizador_notificacoes (utilizador_id, notificacoes_id) values (39, 17);
insert into utilizador_notificacoes (utilizador_id, notificacoes_id) values (135, 10);
insert into utilizador_notificacoes (utilizador_id, notificacoes_id) values (134, 8);
insert into utilizador_notificacoes (utilizador_id, notificacoes_id) values (35, 6);
insert into utilizador_notificacoes (utilizador_id, notificacoes_id) values (174, 9);
insert into utilizador_notificacoes (utilizador_id, notificacoes_id) values (52, 26);
insert into utilizador_notificacoes (utilizador_id, notificacoes_id) values (25, 14);
insert into utilizador_notificacoes (utilizador_id, notificacoes_id) values (253, 27);
insert into utilizador_notificacoes (utilizador_id, notificacoes_id) values (257, 4);
insert into utilizador_notificacoes (utilizador_id, notificacoes_id) values (217, 9);
insert into utilizador_notificacoes (utilizador_id, notificacoes_id) values (276, 6);
insert into utilizador_notificacoes (utilizador_id, notificacoes_id) values (140, 19);
insert into utilizador_notificacoes (utilizador_id, notificacoes_id) values (203, 19);
insert into utilizador_notificacoes (utilizador_id, notificacoes_id) values (186, 21);
insert into utilizador_notificacoes (utilizador_id, notificacoes_id) values (116, 4);
insert into utilizador_notificacoes (utilizador_id, notificacoes_id) values (193, 33);
insert into utilizador_notificacoes (utilizador_id, notificacoes_id) values (279, 15);
insert into utilizador_notificacoes (utilizador_id, notificacoes_id) values (61, 30);
insert into utilizador_notificacoes (utilizador_id, notificacoes_id) values (270, 4);
insert into utilizador_notificacoes (utilizador_id, notificacoes_id) values (196, 8);
insert into utilizador_notificacoes (utilizador_id, notificacoes_id) values (99, 9);
insert into utilizador_notificacoes (utilizador_id, notificacoes_id) values (13, 15);
insert into utilizador_notificacoes (utilizador_id, notificacoes_id) values (82, 12);
insert into utilizador_notificacoes (utilizador_id, notificacoes_id) values (30, 3);
insert into utilizador_notificacoes (utilizador_id, notificacoes_id) values (65, 13);
insert into utilizador_notificacoes (utilizador_id, notificacoes_id) values (165, 24);
insert into utilizador_notificacoes (utilizador_id, notificacoes_id) values (271, 8);
insert into utilizador_notificacoes (utilizador_id, notificacoes_id) values (179, 39);
insert into utilizador_notificacoes (utilizador_id, notificacoes_id) values (88, 6);
insert into utilizador_notificacoes (utilizador_id, notificacoes_id) values (67, 40);
insert into utilizador_notificacoes (utilizador_id, notificacoes_id) values (294, 35);
insert into utilizador_notificacoes (utilizador_id, notificacoes_id) values (67, 20);
insert into utilizador_notificacoes (utilizador_id, notificacoes_id) values (92, 35);
insert into utilizador_notificacoes (utilizador_id, notificacoes_id) values (136, 1);
insert into utilizador_notificacoes (utilizador_id, notificacoes_id) values (81, 2);
insert into utilizador_notificacoes (utilizador_id, notificacoes_id) values (166, 38);
insert into utilizador_notificacoes (utilizador_id, notificacoes_id) values (137, 19);
insert into utilizador_notificacoes (utilizador_id, notificacoes_id) values (271, 2);
insert into utilizador_notificacoes (utilizador_id, notificacoes_id) values (116, 11);
insert into utilizador_notificacoes (utilizador_id, notificacoes_id) values (49, 15);
insert into utilizador_notificacoes (utilizador_id, notificacoes_id) values (188, 2);
insert into utilizador_notificacoes (utilizador_id, notificacoes_id) values (19, 2);
insert into utilizador_notificacoes (utilizador_id, notificacoes_id) values (204, 14);
insert into utilizador_notificacoes (utilizador_id, notificacoes_id) values (244, 5);
insert into utilizador_notificacoes (utilizador_id, notificacoes_id) values (263, 2);
insert into utilizador_notificacoes (utilizador_id, notificacoes_id) values (249, 12);
insert into utilizador_notificacoes (utilizador_id, notificacoes_id) values (273, 17);
insert into utilizador_notificacoes (utilizador_id, notificacoes_id) values (94, 32);
insert into utilizador_notificacoes (utilizador_id, notificacoes_id) values (150, 40);
insert into utilizador_notificacoes (utilizador_id, notificacoes_id) values (227, 18);
insert into utilizador_notificacoes (utilizador_id, notificacoes_id) values (257, 23);
insert into utilizador_notificacoes (utilizador_id, notificacoes_id) values (11, 26);
insert into utilizador_notificacoes (utilizador_id, notificacoes_id) values (27, 4);
insert into utilizador_notificacoes (utilizador_id, notificacoes_id) values (225, 40);
insert into utilizador_notificacoes (utilizador_id, notificacoes_id) values (161, 7);
insert into utilizador_notificacoes (utilizador_id, notificacoes_id) values (84, 13);
insert into utilizador_notificacoes (utilizador_id, notificacoes_id) values (20, 5);
insert into utilizador_notificacoes (utilizador_id, notificacoes_id) values (110, 28);
insert into utilizador_notificacoes (utilizador_id, notificacoes_id) values (123, 35);
insert into utilizador_notificacoes (utilizador_id, notificacoes_id) values (18, 21);
insert into utilizador_notificacoes (utilizador_id, notificacoes_id) values (210, 24);
insert into utilizador_notificacoes (utilizador_id, notificacoes_id) values (109, 25);
insert into utilizador_notificacoes (utilizador_id, notificacoes_id) values (97, 3);
insert into utilizador_notificacoes (utilizador_id, notificacoes_id) values (112, 9);
insert into utilizador_notificacoes (utilizador_id, notificacoes_id) values (244, 40);
insert into utilizador_notificacoes (utilizador_id, notificacoes_id) values (14, 32);
insert into utilizador_notificacoes (utilizador_id, notificacoes_id) values (5, 26);
insert into utilizador_notificacoes (utilizador_id, notificacoes_id) values (66, 17);
insert into utilizador_notificacoes (utilizador_id, notificacoes_id) values (119, 3);
insert into utilizador_notificacoes (utilizador_id, notificacoes_id) values (299, 30);
insert into utilizador_notificacoes (utilizador_id, notificacoes_id) values (75, 11);
insert into utilizador_notificacoes (utilizador_id, notificacoes_id) values (266, 35);
insert into utilizador_notificacoes (utilizador_id, notificacoes_id) values (79, 8);
insert into utilizador_notificacoes (utilizador_id, notificacoes_id) values (77, 12);
insert into utilizador_notificacoes (utilizador_id, notificacoes_id) values (89, 15);
insert into utilizador_notificacoes (utilizador_id, notificacoes_id) values (262, 32);
insert into utilizador_notificacoes (utilizador_id, notificacoes_id) values (76, 27);
insert into utilizador_notificacoes (utilizador_id, notificacoes_id) values (192, 15);
insert into utilizador_notificacoes (utilizador_id, notificacoes_id) values (7, 38);
insert into utilizador_notificacoes (utilizador_id, notificacoes_id) values (208, 33);
insert into utilizador_notificacoes (utilizador_id, notificacoes_id) values (75, 14);

-- Update de hibernate_sequence

update hibernate_sequence set next_val = 1101;
